Email,First Name,Last Name
gcornely0@wp.com,Gregoor,Cornely
ckornilyev1@cloudflare.com,Clementius,Kornilyev
groman2@oaic.gov.au,Gisella,Roman
ewhitehead3@barnesandnoble.com,Ellette,
lskeete5@ow.ly,Linnet,Skeete
hstamp6@tiny.cc,Halie,Stamp
kwooton7@smugmug.com,Kerr,Wooton
dheffernan8@fda.gov,Deeann,Heffernan
msavary9@washington.edu,Major,Savary
mhryniewickia@umn.edu,Monte,
epinckstoneb@unicef.org,Ema,Pinckstone
mdesmondc@wikia.com,Marcellus,Desmond
anoursed@meetup.com,Archer,Nourse
bbrune@jiathis.com,Barry,Brun
kmintramh@samsung.com,Kass,Mintram
dfourmanj@businesswire.com,Dorena,Fourman
bdaskiewiczk@yolasite.com,Bartolemo,Daskiewicz
hforrestalll@i2i.jp,Haze,Forrestall
fcarissn@woothemes.com,,Cariss
gloodyo@behance.net,Gerek,Loody
scockshottq@rakuten.co.jp,Silas,Cockshott
ltornr@mail.ru,Loleta,Torn
mhinnerkt@illinois.edu,Moyra,Hinnerk
jlangsdonu@cisco.com,Jillayne,Langsdon
dclatworthyv@oaic.gov.au,Dehlia,Clatworthy
ewebermannw@forbes.com,Elsi,Webermann
agillogleyx@illinois.edu,Andris,Gillogley
dvillay@imdb.com,Dolley,Villa
rgaylordz@ask.com,Roanna,Gaylord
jkenealy10@chicagotribune.com,Joseph,Kenealy
msearchfield13@quantcast.com,Maggee,Searchfield
mlealle14@irs.gov,Major,Lealle
npulster16@yandex.ru,Nataline,Pulster
ringon18@a8.net,Romola,Ingon
lducastel19@google.cn,Lem,Ducastel
mgibard1a@twitter.com,Mellie,Gibard
cphiller1c@virginia.edu,Clare,Philler
ccawte1d@ow.ly,Caritta,Cawte
vcroucher1e@who.int,,Croucher
dwearn1f@bloglines.com,Dallon,
shinksen1g@stumbleupon.com,Spike,Hinksen
vthomas1h@chicagotribune.com,Verina,Thomas
fbarfield1j@marriott.com,Felicity,Barfield
rbagley1l@biblegateway.com,Ranna,Bagley
cgerald1n@intel.com,Cinderella,Gerald
nblanchet1o@cafepress.com,Nobie,Blanchet
lruddock1p@cmu.edu,Lester,Ruddock
aantonelli1q@cam.ac.uk,Adelina,Antonelli
sdarrigrand1r@printfriendly.com,Susannah,Darrigrand
mfeldstern1t@typepad.com,Matty,Feldstern
kriediger1v@npr.org,Kip,Riediger
ekoch1w@engadget.com,,Koch
kledgerton1x@elpais.com,Kelvin,Ledgerton
cmatyatin1y@gizmodo.com,Chalmers,Matyatin
afarnhill1z@oaic.gov.au,Arnuad,Farnhill
rwoods20@unc.edu,,
ibradley21@deviantart.com,Ivan,Bradley
jallot22@ask.com,Jeth,
kbosket23@about.com,,
zphippen24@auda.org.au,Zitella,Phippen
mwetherburn25@xrea.com,Mariele,
bklauber26@omniture.com,Bayard,
tderuel27@narod.ru,,De Ruel
lmarian29@time.com,Lorianne,Marian
sovery2a@psu.edu,Skippie,Overy
dgiffin2c@naver.com,Dela,Giffin
vgriss2d@dailymotion.com,Vallie,Griss
hsavin2e@issuu.com,Hyacinthe,Savin
rogglebie2f@unesco.org,Raleigh,Ogglebie
lcumberland2g@washington.edu,Lynnell,Cumberland
cbengtsson2h@sciencedirect.com,Carolyne,Bengtsson
dsiveter2j@jimdo.com,Dame,Siveter
bcalway2k@paginegialle.it,Barri,Calway
jfoyle2l@weebly.com,Jania,Foyle
ckingscote2n@drupal.org,Cyndy,Kingscote
ascneider2o@altervista.org,Alica,Scneider
zrumens2p@miitbeian.gov.cn,Zebedee,Rumens
bskule2q@timesonline.co.uk,Bank,
avalentin2r@cam.ac.uk,Alla,Valentin
sgrzegorzewski2s@bizjournals.com,Sydney,Grzegorzewski
dpues2t@a8.net,Delmer,Pues
dplacidi2v@slashdot.org,Dawn,
ferskinesandys2w@tumblr.com,Frederik,Erskine Sandys
awigan2x@washington.edu,Aristotle,Wigan
acussen2y@nature.com,Armin,Cussen
ryacob2z@vistaprint.com,Ransell,
icurrall30@time.com,Inigo,Currall
sstubbington31@bing.com,Saidee,
mgraver34@usatoday.com,Molli,Graver
prickwood35@bigcartel.com,Pier,Rickwood
fbridgwood36@ning.com,Federico,Bridgwood
bgore37@nydailynews.com,Bearnard,Gore
fmellenby38@sciencedirect.com,Foss,Mellenby
aashwin3a@economist.com,Alexei,Ashwin
meagleston3b@baidu.com,Melantha,Eagleston
wvalerio3c@netvibes.com,Wandis,Valerio
lgepp3d@admin.ch,Livvyy,Gepp
sbirchenhead3e@auda.org.au,Scottie,Birchenhead
wmccaig3f@howstuffworks.com,Welbie,McCaig
utolland3g@businessinsider.com,Upton,Tolland
poflaherty3h@w3.org,,
preadings3i@blog.com,Phyllis,Readings
jwillcox3j@nydailynews.com,Jaclin,Willcox
rkopacek3k@shinystat.com,,Kopacek
eaikin3l@independent.co.uk,El,
mverdy3n@webeden.co.uk,Morgen,Verdy
nworgen3o@i2i.jp,Nani,Worgen
fgoudard3p@purevolume.com,Frayda,Goudard
tcasaccia3q@plala.or.jp,Tricia,
aboulding3r@hugedomains.com,Addi,Boulding
dpeake3t@weebly.com,Donaugh,Peake
kscotson3u@pbs.org,Karlan,
gupston3v@alexa.com,Grantley,Upston
jsponer3x@yahoo.co.jp,Jeffry,Sponer
broutledge3y@ed.gov,,Routledge
rspybey3z@icq.com,Rey,Spybey
jgebhardt40@com.com,Jedidiah,Gebhardt
ngalvan41@bandcamp.com,Noel,Galvan
rflew42@spotify.com,Rosabel,Flew
dklosterman43@twitpic.com,Decca,
rthandi45@skype.com,Ronica,Thandi
chubner46@princeton.edu,,Hubner
mhandford47@deliciousdays.com,Madeline,Handford
cbannister4a@ustream.tv,,Bannister
kdalliwatr4b@utexas.edu,Kyle,Dalliwatr
esadd4c@livejournal.com,Estevan,Sadd
mcudde4d@bizjournals.com,Milli,Cudde
apattrick4e@squidoo.com,,Pattrick
gbudnk4g@vimeo.com,Ginni,
czuppa4h@istockphoto.com,Chev,Zuppa
mhubeaux4i@nytimes.com,Mic,Hubeaux
hmcelory4j@wiley.com,Hervey,McElory
hsokill4k@dion.ne.jp,,Sokill
csuermeier4l@goo.gl,Claribel,Suermeier
rsiddeley4m@marriott.com,Reese,
nkleiser4n@wikia.com,Nelli,Kleiser
ohabben4o@wikipedia.org,Orella,
kportinari4p@photobucket.com,Kenneth,Portinari
thail4q@bloglines.com,Terri-jo,Hail
ueastbrook4s@simplemachines.org,Ulrick,Eastbrook
ptsarovic4t@ihg.com,Pate,Tsarovic
cgifkins4w@hostgator.com,Caz,Gifkins
kkillock4x@guardian.co.uk,Kendrick,
sstonehewer4y@rakuten.co.jp,Shannah,Stonehewer
dklulik4z@ebay.co.uk,Dael,Klulik
ssimeon50@techcrunch.com,Sasha,Simeon
pcuxson51@dyndns.org,Peadar,Cuxson
kivanenko53@barnesandnoble.com,Kendal,Ivanenko
bgannicleff54@addthis.com,Beverlie,Gannicleff
gsynnot55@edublogs.org,Gay,Synnot
blapadula56@1688.com,Brendin,La Padula
wpoge57@dyndns.org,Wain,Poge
astollenbecker58@psu.edu,Anet,Stollenbecker
gwarkup5b@dropbox.com,Gerick,Warkup
bhankey5d@smugmug.com,Bertie,Hankey
fsanpher5e@seattletimes.com,Federica,Sanpher
fgutherson5f@dagondesign.com,Filberte,
wpaule5g@usnews.com,Washington,Paule
cmoors5h@cocolog-nifty.com,,Moors
rautrie5i@discuz.net,Rosco,Autrie
cikin5j@nasa.gov,Cirillo,Ikin
cdood5k@dell.com,Cilka,Dood
rpieter5l@slideshare.net,Rozina,Pieter
rforlong5m@yolasite.com,Rodolph,Forlong
gravens5n@usda.gov,,Ravens
idabes5o@ning.com,Irv,Dabes
geagleston5p@cbslocal.com,Gerard,Eagleston
tmcfadin5q@flavors.me,Thomas,
mchaplyn5r@cyberchimps.com,,Chaplyn
fsapshed5s@home.pl,Freeland,Sapshed
gtithecote5t@github.com,Garik,Tithecote
lmilkins5u@howstuffworks.com,Lian,Milkins
mbastin5v@skype.com,Mia,Bastin
amillgate5x@reverbnation.com,Alikee,Millgate
lcoulman5y@dailymotion.com,,Coulman
fmcaughtrie5z@list-manage.com,Florri,McAughtrie
pjozefiak60@umn.edu,Paulo,
vlamy61@wordpress.com,Vanya,
kfittall62@samsung.com,Kinny,
gcockin63@seesaa.net,Gerardo,
kpancoust64@webmd.com,Krispin,Pancoust
ystansbie65@google.com.hk,Yetty,Stansbie
qwhitloe66@facebook.com,Quinta,Whitloe
thodgin67@ft.com,Theodore,Hodgin
ctarbox68@europa.eu,Casper,Tarbox
bmaffetti69@parallels.com,Baxter,Maffetti
inore6a@japanpost.jp,Isidoro,Nore
smillgate6b@discovery.com,Sayre,Millgate
wsignoret6e@engadget.com,,Signoret
tbread6f@latimes.com,Trula,
lcoolahan6g@apple.com,,
mrainforth6h@aol.com,Melitta,Rainforth
mjeffree6i@mapquest.com,,Jeffree
kolivetti6j@jalbum.net,Karlis,Olivetti
nsimla6k@chron.com,Nancey,Simla
ggricewood6l@princeton.edu,Gnni,Gricewood
imeineck6n@hhs.gov,Irma,Meineck
jloren6o@theglobeandmail.com,Jemie,Loren
unoury6p@exblog.jp,,
tfibbens6q@chron.com,Terrell,Fibbens
swindibank6r@multiply.com,Son,Windibank
jbowring6t@ocn.ne.jp,Jess,Bowring
pcambell6u@businessweek.com,Pammie,Cambell
dbaguley6v@sakura.ne.jp,Daryle,Baguley
rhartmann6w@sourceforge.net,Retha,
ealban6x@npr.org,Elisabet,Alban
bpain6y@joomla.org,Brok,Pain
dstrathdee6z@digg.com,Deck,Strathdee
jhedden70@aboutads.info,Johanna,Hedden
qdowgill71@furl.net,Quinta,Dowgill
gpalfreyman72@answers.com,Garnette,Palfreyman
lamaya74@rambler.ru,Lizzy,Amaya
mlemon75@tinypic.com,Marge,Lemon
nrennles77@barnesandnoble.com,Netti,Rennles
gknightsbridge78@amazon.co.uk,Gabriellia,Knightsbridge
blefevre79@house.gov,Betteanne,Le Fevre
aruggieri7a@altervista.org,Angelo,Ruggieri
adimmock7b@narod.ru,Anneliese,Dimmock
titzkov7c@cafepress.com,Theo,Itzkov
ibartalot7d@taobao.com,Isidoro,
mcampbelldunlop7e@weather.com,Melessa,Campbell-Dunlop
salltimes7f@un.org,Stefanie,Alltimes
bdupree7h@admin.ch,,Dupree
corris7i@webmd.com,Chandler,Orris
mgiamo7j@icio.us,Mommy,Giamo
doffa7k@csmonitor.com,Darrelle,Offa
dkolakovic7l@tinyurl.com,Demetrius,Kolakovic
fstourton7m@delicious.com,Fanni,Stourton
cjarnell7o@mashable.com,Chevy,Jarnell
aomohun7p@1und1.de,Alva,O'Mohun
mscotney7q@stumbleupon.com,Moritz,Scotney
crigeby7r@aol.com,Cicely,Rigeby
mdevoy7s@seattletimes.com,Melonie,
gsinnat7u@friendfeed.com,,Sinnat
mlearmount7v@squidoo.com,Merill,Learmount
gharvett7w@disqus.com,,Harvett
egritsaev7y@princeton.edu,Eberhard,Gritsaev
okettow7z@about.com,,Kettow
trainsdon80@who.int,Tandy,Rainsdon
agirault81@163.com,,Girault
tgrant82@house.gov,Timothea,Grant
hheasley84@ycombinator.com,Hailee,Heasley
lklazenga86@pen.io,,Klazenga
bhospital88@hhs.gov,Brinn,Hospital
ghickeringill8a@cocolog-nifty.com,George,Hickeringill
amargaritelli8b@topsy.com,Andi,Margaritelli
gcurrie8c@opera.com,Gusella,Currie
achiechio8d@skype.com,Annmarie,Chiechio
dparsley8e@chron.com,Delora,
pcoenraets8g@usda.gov,Paola,Coenraets
ghodgin8i@mtv.com,Georgianne,
bsheldrick8k@eepurl.com,Biron,Sheldrick
jbelle8l@sfgate.com,Jae,Belle
fcorteis8m@example.com,Frans,Corteis
mbaccup8n@dailymail.co.uk,Meredith,
hsterry8o@columbia.edu,,Sterry
bgannicott8p@google.cn,Byron,Gannicott
qplatt8r@com.com,Quintin,Platt
ghatry8s@pen.io,Gherardo,Hatry
hmeharry8t@biglobe.ne.jp,Hestia,
shazelton8u@google.com.br,Silvio,Hazelton
kavann8v@last.fm,Kalvin,Avann
nbenini8w@ft.com,Nissa,Benini
gtyrrell8x@arstechnica.com,Giffie,Tyrrell
dleverington8y@about.me,Danit,Leverington
rlockett8z@amazon.com,Ruthie,
mkebbell90@wikia.com,Matt,Kebbell
sbussen91@naver.com,Shanta,Bussen
kprenty92@ed.gov,Kristan,Prenty
glimpenny93@fotki.com,Garrot,Limpenny
sviles94@youtu.be,Shina,
cboriston95@scientificamerican.com,Chanda,Boriston
epynner96@booking.com,Edithe,Pynner
jbennitt97@cbslocal.com,Jessie,Bennitt
msweynson99@csmonitor.com,Marielle,
slambkin9a@comcast.net,Sarine,Lambkin
dpickover9b@tinyurl.com,Denise,Pickover
npurkiss9c@domainmarket.com,Norbert,Purkiss
pcasarino9e@google.es,Persis,
twurst9f@hostgator.com,Toni,Wurst
uburdfield9g@usatoday.com,Ursola,Burdfield
nlimpricht9h@indiatimes.com,Nikaniki,Limpricht
blukes9i@tumblr.com,Barry,Lukes
kborrows9k@bloglovin.com,Karlan,Borrows
rmaken9l@washington.edu,Ruperto,Maken
bdiangelo9m@newyorker.com,Blithe,
ctranfield9n@tinyurl.com,Che,Tranfield
jjeannet9o@army.mil,Jennilee,
ttindley9p@reference.com,,Tindley
egarstan9q@aol.com,Elonore,Garstan
rchoffin9r@ocn.ne.jp,Ralf,Choffin
rtellenbrok9v@ezinearticles.com,Robin,Tellenbrok
mashdown9x@dyndns.org,Mathilda,Ashdown
ekime9y@nydailynews.com,,Kime
amclane9z@cam.ac.uk,Anastasia,McLane
mdelgadilloa0@latimes.com,Melita,Delgadillo
hmacconnechiea1@kickstarter.com,Hana,MacConnechie
rroucha2@bbb.org,Raffaello,Rouch
jmixona5@yahoo.co.jp,Jarret,Mixon
darisa6@cpanel.net,Dareen,Aris
evocea7@loc.gov,Earl,Voce
btwelvesa8@state.gov,,Twelves
afraniesa9@amazonaws.com,Ansley,Franies
dtrettaa@weebly.com,Dodi,Trett
dwellstoodab@home.pl,Diandra,Wellstood
bfaberaf@spiegel.de,Brooke,Faber
rneighbourag@nymag.com,Rubetta,Neighbour
hpenellaai@epa.gov,Henriette,Penella
gclausaj@umich.edu,Glyn,Claus
awybourneal@oakley.com,,
crennekeam@adobe.com,Cherida,Renneke
cmacarthuran@printfriendly.com,,MacArthur
wmckeadyao@bizjournals.com,Webb,McKeady
aebbsap@nba.com,Alford,Ebbs
adybellaq@1688.com,Archaimbaud,Dybell
rrammar@shop-pro.jp,Reba,
dpaolinoat@zdnet.com,Dagmar,Paolino
sbrettelleau@xing.com,Shaun,
icaineyav@buzzfeed.com,Ives,Cainey
jcortenaw@tamu.edu,,Corten
vfarnishax@discovery.com,Virgilio,
qhempshallay@fotki.com,Quintilla,Hempshall
zoxborrowaz@i2i.jp,Zach,Oxborrow
llilbourneb0@istockphoto.com,Liza,Lilbourne
kwoodwardb1@dmoz.org,Karrah,Woodward
jtoughb2@tinypic.com,Judie,Tough
edaintreeb3@google.co.jp,Ellery,Daintree
arickhussb4@sakura.ne.jp,Anya,Rickhuss
eredholeb5@abc.net.au,Elihu,Redhole
dbascombeb6@pbs.org,Duff,Bascombe
cfryattb8@bigcartel.com,,Fryatt
abartlesb9@yahoo.co.jp,Ardra,Bartles
vdalziellba@biglobe.ne.jp,Velvet,Dalziell
pcopcotebb@umn.edu,Parrnell,Copcote
acromptonbc@nbcnews.com,Ameline,Crompton
citzaksonbe@gov.uk,Chelsea,Itzakson
gruddbf@squidoo.com,Greg,Rudd
njerchebg@si.edu,Nichol,Jerche
akellebh@google.nl,Arlee,Kelle
ebarbarabk@elpais.com,,Barbara
rpottberrybl@hostgator.com,Reynolds,Pottberry
bbucktroutbm@pbs.org,Bidget,
bvennerbn@wunderground.com,Borden,
hcurbishleybo@php.net,Helyn,Curbishley
etommasuzzibp@odnoklassniki.ru,Ewan,Tommasuzzi
ekeizmanbr@amazonaws.com,Ermengarde,Keizman
ksackurbt@berkeley.edu,Kristofer,Sackur
ktinniswoodbu@ucoz.com,Kerrin,Tinniswood
elaxsonbv@usgs.gov,Ethan,Laxson
tlevetbz@shop-pro.jp,Tanny,Levet
mnewbiggingc1@webs.com,Morse,Newbigging
vcroixc4@naver.com,Vanessa,Croix
kbramec5@symantec.com,Kali,
ubissellc6@printfriendly.com,Urbain,
pbrandomc7@friendfeed.com,,Brandom
pgoodacrec8@admin.ch,Pippo,Goodacre
troufc9@ft.com,Tansy,Rouf
eeadca@engadget.com,Elmore,Ead
ccodecc@w3.org,,Code
foverelcd@deliciousdays.com,Foster,Overel
cscottinice@godaddy.com,Cammy,
bdrysdalecg@yolasite.com,Beale,Drysdale
sdivverch@cam.ac.uk,Sebastien,Divver
sbrecheci@dion.ne.jp,Stefan,Breche
jfistcj@cbslocal.com,Janeczka,Fist
kguiceck@marriott.com,Karlens,Guice
mcordobescl@google.de,,Cordobes
bwiddallcm@artisteer.com,Beatriz,Widdall
atomlinsoncn@desdev.cn,Aurilia,Tomlinson
jherremaco@vk.com,Jesus,Herrema
tedwinscp@diigo.com,,Edwins
dmacenteecq@dailymail.co.uk,Dallon,MacEntee
kvideneevcr@g.co,Kenny,Videneev
cteidemancs@people.com.cn,Camella,Teideman
rdameiselect@mozilla.com,Riannon,Dameisele
egethingscv@addthis.com,Elaina,Gethings
pmendezcw@exblog.jp,Pat,Mendez
lhembrowcx@bloglines.com,Lorna,Hembrow
vbathersbycz@reuters.com,Virgil,
ygrimleyd0@home.pl,Yorke,Grimley
kdenacampd2@newyorker.com,Krispin,Denacamp
skeddyd3@over-blog.com,Shaw,Keddy
mdimockd4@salon.com,Meghan,Dimock
cragsdalld5@google.com.br,Corey,Ragsdall
cgazed6@spiegel.de,Coretta,
dstruttmand7@pagesperso-orange.fr,Delila,Struttman
ssurmanwellsd8@google.com.br,Sonny,Surman-Wells
cdoickd9@google.co.jp,Corbett,Doick
fsutheranda@patch.com,Frasco,Sutheran
rbolandc@hostgator.com,Richmound,
drecordsde@theguardian.com,Dulcy,Records
frosenbladdf@qq.com,Fernandina,Rosenblad
jparelldg@hatena.ne.jp,Jules,Parell
glebretondelavieuvilledh@google.fr,Gav,Le Breton De La Vieuville
dtrevordi@paypal.com,Dwain,Trevor
jstanilanddl@simplemachines.org,Jamie,
ijudendm@berkeley.edu,Isabelita,Juden
feixenbergerdn@t-online.de,Fawne,Eixenberger
kelsydo@amazon.de,Karlotta,Elsy
lrobertidq@bloomberg.com,Lark,Roberti
nlavignedr@paypal.com,Nanete,Lavigne
aflexmands@samsung.com,Annaliese,Flexman
gpagandt@wikia.com,,Pagan
roshieldsdv@chicagotribune.com,Rafaello,O'Shields
amacedw@kickstarter.com,Alessandro,Mace
kconforddx@is.gd,Katharine,Conford
cendrizzidy@amazon.co.jp,Cleopatra,Endrizzi
bciobotarudz@privacy.gov.au,Bartlet,Ciobotaru
mshaplande0@comcast.net,Martainn,Shapland
fdaintreye1@cocolog-nifty.com,,Daintrey
smannse2@aboutads.info,Shanie,Manns
emaxwelle4@google.com.hk,,Maxwell
rbenedikte5@google.com,Renate,Benedikt
ewasselle6@omniture.com,Ernest,Wassell
areacee7@geocities.com,,Reace
lallingtone9@soundcloud.com,,Allington
twythillea@4shared.com,Tobey,
dpendrigheb@ow.ly,Dorri,Pendrigh
bchiplenec@artisteer.com,Beltran,Chiplen
smedewayed@narod.ru,Saxe,
mcowndenee@icio.us,Marlie,Cownden
mleprovesteg@pcworld.com,Marwin,Le Provest
fstoileej@sakura.ne.jp,Frederique,Stoile
mmacinnesel@vimeo.com,Marcela,MacInnes
earundaleem@illinois.edu,,
gbabbidgeen@fc2.com,Gianina,Babbidge
hshawyerseo@pagesperso-orange.fr,Hurlee,Shawyers
blanglandsep@vkontakte.ru,Benetta,Langlands
shaddeneq@intel.com,Shermy,Hadden
fcrichtener@state.tx.us,Florella,Crichten
mstredderes@diigo.com,Minni,Stredder
hhousenet@bloglines.com,Harrie,Housen
sdeeneyeu@pagesperso-orange.fr,Sabina,Deeney
cstirzakerev@home.pl,Christophorus,
sivashkinew@desdev.cn,Syman,Ivashkin
wroddersex@over-blog.com,Wini,Rodders
cadamovichey@cisco.com,Clayborne,Adamovich
eramsdellf2@parallels.com,Ezekiel,Ramsdell
fdengef3@dot.gov,Fabe,Denge
jbuscombef5@utexas.edu,Jessalyn,Buscombe
alogsdalef6@printfriendly.com,Alane,Logsdale
ailewiczf7@intel.com,,Ilewicz
kcarlozzif8@opera.com,Kennith,Carlozzi
rtysackfa@addthis.com,Riannon,Tysack
ifenderfb@nyu.edu,Izzy,
tbrislandfc@weebly.com,,Brisland
kantyukhinff@gmpg.org,Koren,Antyukhin
msearlesfg@posterous.com,Morton,Searles
bheavyfh@delicious.com,Barton,Heavy
mmatantsevfi@princeton.edu,Melly,Matantsev
sogilbyfj@forbes.com,Siusan,Ogilby
falonsofk@hc360.com,Farrah,Alonso
mbyronfl@spotify.com,Mile,Byron
wstuttardfm@shutterfly.com,Wandis,Stuttard
hcappellfn@examiner.com,Heidi,Cappell
bdayerfo@fastcompany.com,,Dayer
bmaberfp@photobucket.com,Bette,Maber
mcashenfq@epa.gov,Marjorie,Cashen
akondratovichfr@cnet.com,Alena,Kondratovich
chutchensfs@scientificamerican.com,Cole,Hutchens
rnialsft@un.org,Ruperta,Nials
jfydofu@taobao.com,Jarret,Fydo
qfransonifw@kickstarter.com,Quincey,Fransoni
dpinnigarfx@constantcontact.com,Dierdre,
dolverfy@cnn.com,Darleen,Olver
rdandog0@spotify.com,Rita,Dando
asimoesg1@cbc.ca,Alister,Simoes
ploudyang3@wisc.edu,Phyllida,
wparysiakg4@google.cn,Weylin,Parysiak
feasong5@ovh.net,Fancy,Eason
hrowbreyg6@gov.uk,Husein,Rowbrey
acharvilleg7@aboutads.info,Arabel,Charville
dfibbittsg8@harvard.edu,Dania,Fibbitts
cpackmang9@shop-pro.jp,Charyl,Packman
vfuentesga@yolasite.com,Valerye,Fuentes
pbancroftgc@lycos.com,,Bancroft
lhawkeygd@google.com.br,,Hawkey
ccarmege@icq.com,Carry,Carme
scansfieldgf@indiegogo.com,Shepherd,Cansfield
cbassomgh@furl.net,Christie,Bassom
mmaccartangi@state.tx.us,Matilde,MacCartan
umalingj@scribd.com,Urbanus,
agivesgk@ibm.com,Adena,Gives
mambersongm@addtoany.com,Marysa,Amberson
cbeattiegn@bandcamp.com,Crystie,Beattie
kgarlettgo@jugem.jp,Katusha,Garlett
mgungp@utexas.edu,,Gun
shanlingq@friendfeed.com,Sim,
rarnellgr@fastcompany.com,Robbie,Arnell
orheamgs@xrea.com,Olwen,Rheam
dmacmenemygt@blogs.com,Darda,MacMenemy
epypergu@noaa.gov,,Pyper
amatyatingv@aboutads.info,Ailyn,Matyatin
srenyardgw@google.com.br,Shirlee,
ralasdairgx@goo.gl,,Alasdair
cheadongz@networksolutions.com,Calley,Headon
psuteh0@businessweek.com,Pattie,Sute
vbehningh2@so-net.ne.jp,Valenka,Behning
tmitchelmoreh3@google.com.au,Tiffany,Mitchelmore
btakleh4@house.gov,Brigid,Takle
qlardinerh5@apple.com,Quint,Lardiner
esokaleh6@ning.com,Eydie,Sokale
ddavidmanh7@patch.com,Dell,Davidman
vhunstoneh8@amazon.co.uk,Vera,Hunstone
wpartrickh9@sciencedaily.com,Wendeline,Partrick
kstermanha@foxnews.com,Keary,Sterman
mhansehb@ft.com,Montgomery,Hanse
fsheahd@ft.com,Filmore,Shea
scraigheadhe@cargocollective.com,Selia,Craighead
mdurantehf@purevolume.com,,Durante
jphilipeauhg@bizjournals.com,Jodi,Philipeau
cbrydiehh@rakuten.co.jp,Carling,Brydie
arustehi@nhs.uk,Aarika,Ruste
cramashj@rambler.ru,Ciel,Ramas
aarchiboldhl@cocolog-nifty.com,Aguste,Archibold
tclaguehm@a8.net,Thatcher,Clague
eocarranhp@psu.edu,Eben,O'Carran
bogelbehq@cpanel.net,Bennie,Ogelbe
ewillingalehr@creativecommons.org,,Willingale
dkensitht@hexun.com,Daria,Kensit
rkilgallonhv@un.org,Rina,Kilgallon
mlattinhw@hao123.com,Merralee,Lattin
jsimmenhx@ow.ly,Jena,Simmen
mridderhz@weather.com,Muffin,Ridder
lowensi0@ow.ly,Lionel,Owens
pstopforthi2@usgs.gov,,Stopforth
fgysei3@networksolutions.com,Fanya,Gyse
deastami4@imdb.com,Davey,Eastam
cossennai5@bandcamp.com,,Ossenna
msporesi6@webnode.com,Maynord,Spores
borpwoodi7@msu.edu,Brigg,Orpwood
tbulteeli8@sbwire.com,Trenna,Bulteel
gspyeria@webmd.com,Gallagher,Spyer
fgrassinib@google.es,Fina,Grassin
rstoakic@ezinearticles.com,Rosa,Stoak
agyrgorwicxid@jigsy.com,Abram,Gyrgorwicx
wmartignonie@admin.ch,William,Martignon
fshahif@slashdot.org,Franzen,Shah
aheskinig@i2i.jp,Al,Heskin
rmcgrearyih@state.tx.us,Roselin,McGreary
rfranzelii@blogger.com,Rory,Franzel
hhenrionik@tripadvisor.com,Hyacinthia,Henrion
rchatelil@chicagotribune.com,Reggy,Chatel
mtythacottim@ftc.gov,Maryjane,Tythacott
mwoltonin@behance.net,Mina,Wolton
kfilgateio@pinterest.com,Korney,Filgate
blesleyip@booking.com,,Lesley
mchapeiq@java.com,Mortimer,Chape
dcowpertwaitir@deviantart.com,Des,Cowpertwait
raplinit@cmu.edu,Rudie,
jluttyiu@go.com,Jackson,Lutty
rmoyleriv@parallels.com,Rockwell,Moyler
vristiw@netscape.com,,Rist
amottleyix@nature.com,Abran,Mottley
gforsdikeiy@i2i.jp,Germaine,Forsdike
rberntsseniz@time.com,Randi,Berntssen
opembryj0@sohu.com,Ogdan,
xbolithoj1@example.com,Xymenes,Bolitho
lblaydj3@yellowbook.com,,Blayd
btrustyj5@biblegateway.com,Baxy,
igoscombj6@addthis.com,Irv,Goscomb
wraubenheimj7@newyorker.com,Werner,Raubenheim
jchesterfieldj8@friendfeed.com,Jany,Chesterfield
lpotteridgej9@berkeley.edu,Lynnea,Potteridge
tmaywardja@plala.or.jp,Thomasine,
kbalsilliejb@pinterest.com,,Balsillie
lmilvertonjc@blogtalkradio.com,Loella,Milverton
adanilishinjd@marriott.com,Allie,Danilishin
bguynemerje@army.mil,,
elittrickjf@cdc.gov,Elsa,Littrick
gthoriusjg@google.co.uk,Gretchen,Thorius
cleggesjh@cornell.edu,Clarine,Legges
raugurji@bloglovin.com,Reid,Augur
glesliejj@nih.gov,Geraldine,Leslie
liacovuzzijk@netlog.com,Lynn,Iacovuzzi
adoveyjl@dion.ne.jp,Adria,Dovey
adegoixjm@google.cn,Adrian,Degoix
krackstrawjn@1688.com,Karl,Rackstraw
chogginjo@prnewswire.com,Carma,
vdedenhamjp@senate.gov,,Dedenham
cyannikovjs@mozilla.com,Carolan,Yannikov
salbertijt@buzzfeed.com,Shepperd,Alberti
twarneju@google.com.hk,Trixi,Warne
llondorsjv@theguardian.com,Lydia,Londors
rfitterjw@nasa.gov,Rianon,Fitter
bracejx@wufoo.com,Bennie,Race
mbonnjy@merriam-webster.com,Margi,Bonn
lcoronajz@google.ru,Lorelle,
rblumfieldk0@hud.gov,,Blumfield
lmorigank1@gravatar.com,Lowell,Morigan
bgopsellk2@columbia.edu,Barny,
rechlink3@1und1.de,Raddy,Echlin
pscotsonk4@biglobe.ne.jp,,Scotson
ldoryk5@google.pl,Lorne,Dory
nlammengak9@bluehost.com,Nadine,
texcellka@ehow.com,Tybalt,Excell
rmcenhillkd@comcast.net,Robbin,McEnhill
bbackke@skype.com,,Back
fidalekf@comsenz.com,Faith,Idale
cstapelekg@printfriendly.com,Christos,Stapele
cmcallki@admin.ch,Clevey,Mcall
kbateripkj@elpais.com,Karola,Baterip
cedwickerkk@scientificamerican.com,Cchaddie,Edwicker
lbownaskl@quantcast.com,Laure,Bownas
dhalmkm@abc.net.au,Darcee,Halm
jmarkhamkn@wikimedia.org,Jane,Markham
speasegodko@studiopress.com,Staford,Peasegod
eswinneykq@ow.ly,Ethelin,
mbascombkr@furl.net,Mead,Bascomb
bsessunsks@epa.gov,Brander,
bbakhrushkinkt@google.cn,Burt,Bakhrushkin
dkindleyku@tmall.com,Daveta,
glemaitrekv@github.com,Georgia,Le Maitre
cclacsonkw@dedecms.com,Clare,
rolubykx@nationalgeographic.com,Renado,O'Luby
agiovannacciky@vistaprint.com,Ashton,Giovannacc@i
cmiddenl2@state.gov,Catha,Midden
nswindalll3@chicagotribune.com,Nappy,Swindall
ohaswalll4@hibu.com,Odille,Haswall
vbickerdickel5@deviantart.com,Valerie,Bickerdicke
smaffiolettil6@hostgator.com,Shantee,Maffioletti
gciepluchla@biblegateway.com,Gardiner,Ciepluch
etolleylb@cpanel.net,Eartha,Tolley
tskullylc@theguardian.com,Terence,Skully
esimionesculd@mail.ru,Else,Simionescu
acriginlf@bravesites.com,Ailee,Crigin
drobioulg@statcounter.com,Danyette,Robiou
cbestimanlh@free.fr,Cally,Bestiman
mhumphriesli@si.edu,Meryl,Humphries
rgutridgelk@thetimes.co.uk,Riordan,Gutridge
lhawtinll@si.edu,Lauren,Hawtin
bcellonelm@uol.com.br,,Cellone
ecarabineln@sun.com,Edy,Carabine
jparrottlo@columbia.edu,Jenn,Parrott
dtommeolp@un.org,Daron,Tommeo
dkrochlr@house.gov,Devin,Kroch
ehiddsleyls@xing.com,Eliot,Hiddsley
fgallacherlt@dagondesign.com,Francene,Gallacher
dgarrattylu@ca.gov,Delmar,Garratty
mtaffarellolv@msu.edu,Madelena,Taffarello
ngirklw@dailymail.co.uk,Nicolai,
narchbaldlx@hao123.com,,Archbald
mmccaddenly@businessweek.com,Marti,McCadden
achasteneylz@altervista.org,Amerigo,Chasteney
kbloxsumm0@google.nl,Kelsi,Bloxsum
edawbym1@gizmodo.com,Emanuele,Dawby
smumbesonm2@github.io,Sacha,Mumbeson
rcantrillm3@ehow.com,Rivkah,Cantrill
aricoaldm4@mail.ru,Aguistin,Ricoald
cmarinim5@biglobe.ne.jp,,Marini
itreffreym6@ovh.net,Ignace,Treffrey
afuttym7@tripadvisor.com,Abby,Futty
bghiom9@imdb.com,,Ghio
cduchesnema@bbc.co.uk,Cinda,Duchesne
ktruesdalemb@unicef.org,Ker,
bbalderstonmc@theglobeandmail.com,Brandi,Balderston
bfeltonmd@stanford.edu,Byrann,Felton
ddaensme@irs.gov,Dmitri,Daens
lleathwoodmg@dropbox.com,Liz,Leathwood
acarslakemh@joomla.org,Alysia,Carslake
upowriemi@columbia.edu,Umberto,Powrie
rcartmailmj@about.me,Randell,Cartmail
gfilyukovmk@blinklist.com,,Filyukov
zmobiusmo@devhub.com,Zacherie,Mobius
nsmileymp@google.fr,Norbie,Smiley
nlumbersmq@google.pl,Nonnah,Lumbers
lvinsenmr@microsoft.com,,Vinsen
astaningms@instagram.com,Armstrong,Staning
rebrallmt@yolasite.com,Rubina,Ebrall
ktarbathmu@amazon.co.uk,Kendal,Tarbath
gstychemv@eventbrite.com,Gustavus,Styche
bsingyardmw@github.com,Barret,Singyard
scranmx@phoca.cz,Sherwynd,Cran
tensorn1@ovh.net,Thor,Ensor
zsheermann2@oracle.com,Zaneta,Sheerman
dearlandn3@japanpost.jp,Donica,Earland
crapseyn4@imdb.com,Caritta,Rapsey
otroodn5@wisc.edu,Olive,
rgreenhalghn6@nifty.com,Rosamund,Greenhalgh
dherreron7@bigcartel.com,Dino,Herrero
ablachfordn9@example.com,Adaline,Blachford
chawena@blogs.com,Cullin,Hawe
keadmeadsnb@canalblog.com,Karoly,Eadmeads
abouttellnc@w3.org,Ashia,Bouttell
mjewsternd@xrea.com,Mike,Jewster
idionisinf@whitehouse.gov,Isahella,Dionisi
mlawerenceng@reuters.com,,
aarchiboldnh@hao123.com,Albertine,Archibold
bseathni@npr.org,Burke,Seath
tdinehartnk@un.org,Terry,Dine-Hart
ldemainenl@pbs.org,Lorilee,De Maine
gcowoppenm@mail.ru,Gianina,Cowoppe
lsiveyernn@wikia.com,Lilah,Siveyer
sjoronno@exblog.jp,Stefa,
sarminnp@fotki.com,Silvana,
ahulmenq@qq.com,Aidan,Hulme
mlutzmannnr@nih.gov,Maureen,Lutzmann
tdellns@flavors.me,,Dell
jbonsalenu@cisco.com,Jess,Bonsale
sdavallnv@irs.gov,Savina,Davall
baickennw@dyndns.org,Borden,Aicken
tshaplandnx@mozilla.org,,
dspinkeny@ezinearticles.com,Davy,Spinke
inormanvilleo2@sohu.com,Imogene,Normanville
pstreteo4@google.ru,Pammie,Strete
dseageo5@oakley.com,Dorise,Seage
wrowlatto6@stanford.edu,,Rowlatt
eoleksiako7@artisteer.com,Eliot,
acockrillo8@networkadvertising.org,Ardelle,
lalldridgeo9@twitter.com,,Alldridge
fscoinesoa@taobao.com,Fanya,Scoines
czukermanoc@prnewswire.com,Conny,Zukerman
vclaytonod@oakley.com,,Clayton
lwilseyoe@harvard.edu,,Wilsey
mdelbouxof@slate.com,Mohandis,d' Elboux
bsmizog@mapy.cz,Babbette,Smiz
istarieoh@unblog.fr,Ivar,Starie
cjearumoi@earthlink.net,Carey,Jearum
kminigooj@google.ca,,Minigo
crohfsenok@cbsnews.com,Corly,Rohfsen
mkolakowskiol@unicef.org,Miltie,Kolakowski
ecorssenom@i2i.jp,Else,Corssen
iwilflingeroo@ca.gov,Iosep,Wilflinger
rmixtureop@csmonitor.com,Ruthann,Mixture
dghelardonioq@sbwire.com,Dael,Ghelardoni
eburgynor@unesco.org,Elizabeth,Burgyn
cbythewayos@theatlantic.com,Cleo,Bytheway
fduellot@house.gov,,Duell
hgotcliffou@google.com.au,Harlie,Gotcliff
mcobboldov@ask.com,Marielle,Cobbold
gpagramow@elpais.com,Gerrie,Pagram
houtlawox@rediff.com,Hanson,
acrankoy@fastcompany.com,Ambrosio,Crank
acoomberoz@google.co.uk,Ado,Coomber
rsemradp0@privacy.gov.au,Rosy,Semrad
fgwynnep1@narod.ru,,Gwynne
gspeendenp2@github.com,Gweneth,Speenden
abandtp3@telegraph.co.uk,Anjanette,Bandt
rumneyp4@microsoft.com,,Umney
smcilveenp5@youtube.com,Shena,McIlveen
bbarnishp6@ca.gov,Beatrix,Barnish
callenp7@slate.com,Clare,Allen
pheinlep8@ted.com,Pierrette,
cpauleyp9@google.pl,Carolina,Pauley
gpitkinpa@omniture.com,Giulietta,Pitkin
bwelsbypc@narod.ru,Bonnie,Welsby
cmcauliffepd@gnu.org,Casey,McAuliffe
slangcastlepe@sciencedirect.com,Starlene,Langcastle
dlicaripf@arizona.edu,Donal,Licari
cdubblepg@discovery.com,Crystie,Dubble
aschimaschkeph@mashable.com,Alexi,Schimaschke
tseckompi@so-net.ne.jp,Trstram,Seckom
dgillionspk@simplemachines.org,,Gillions
gaslumpl@blogger.com,Gibbie,Aslum
dallnattpm@blinklist.com,Dierdre,
tkemmettpn@amazon.com,Tove,Kemmett
koldallpo@elpais.com,Kylynn,Oldall
aarrigopp@si.edu,Agnes,Arrigo
gsoaperpq@tumblr.com,Gilli,Soaper
ainnispr@hhs.gov,Anni,Innis
atibblespt@squarespace.com,Anderson,Tibbles
hfranzettipu@baidu.com,Hewett,Franzetti
rbreacherpv@webmd.com,Rickert,Breacher
ncowhigpw@yahoo.com,Nils,Cowhig
hlanglaispx@amazon.com,,Langlais
mschwerinpy@state.tx.us,Moises,Schwerin
mgascoignepz@seesaa.net,Morten,Gascoigne
lbartalettiq0@cpanel.net,Livia,Bartaletti
esoutheranq1@stumbleupon.com,Eran,Southeran
eculmerq3@sourceforge.net,Euell,Culmer
riresonq4@amazon.co.uk,Roseline,Ireson
dewinsq5@wordpress.com,Dina,Ewins
asokaleq6@surveymonkey.com,,Sokale
llooneyq9@t.co,Lindsey,Looney
ccorwoodqb@google.cn,Chelsie,Corwood
pthalmannqc@patch.com,Philis,Thalmann
ccusheqd@addtoany.com,Currey,Cushe
lgebbyqe@wikia.com,Lindy,Gebby
sthorringtonqf@wired.com,Shelley,Thorrington
iwallbanksqg@gnu.org,Inga,Wallbanks
hkippenqj@arstechnica.com,Hedi,
amandifieldqk@telegraph.co.uk,Ambrosi,Mandifield
cstillingqm@miibeian.gov.cn,Coral,Stilling
ebrownceyqn@ehow.com,Ethel,Browncey
odaymondqo@shutterfly.com,Oswald,Daymond
tpaskellqp@amazon.co.uk,Trip,
jiddendenqq@youtube.com,Joshuah,
jkoopqr@nature.com,Jacynth,Koop
ryakovqs@studiopress.com,Reinaldo,Yakov
hrockcliffqv@nyu.edu,Harmon,Rockcliff
moconnorqw@free.fr,Meg,O'Connor
clefriecqx@google.ru,Colin,Le Friec
kthallerqy@auda.org.au,Korry,Thaller
odegouyqz@blinklist.com,Odelle,
sbernasekr1@printfriendly.com,Shea,Bernasek
cdispencerr2@icq.com,Cornelia,Dispencer
lbeaumontr4@bluehost.com,Leonora,Beaumont
mdibbr5@amazonaws.com,Merle,Dibb
credparthr6@xrea.com,Chere,Redparth
cpassyr7@so-net.ne.jp,Claudianus,Passy
pgirardinir8@usa.gov,Page,Girardini
fdythamr9@php.net,Fionnula,Dytham
jclemmenra@kickstarter.com,,Clemmen
jfransmanrb@usda.gov,Jacintha,Fransman
loleksinskirc@cmu.edu,Lauretta,
hchittockre@google.ru,Harrie,
awassungrf@ask.com,Angelica,Wassung
phayrg@ebay.co.uk,Prescott,Hay
rsamworthrh@google.de,Rossie,Samworth
fhewri@issuu.com,Florette,Hew
cjuettrj@ucla.edu,Cathie,Juett
mmaynardrk@marketwatch.com,,Maynard
dallberryrm@spiegel.de,Daile,Allberry
lmcilennarn@cnn.com,Lark,
agisburnerp@godaddy.com,Arnuad,Gisburne
apoleyrr@about.com,Aldwin,Poley
