First Name,Last Name,Email,Location,Date of Visit,Time,Booking Notes,Mobile Phone,Party Size,Booked On,Booked Via,Status
Gregoor,Cornely,gcornely0@wp.com,Divape,6/9/2024,4:49 PM,,,3,6/22/2024,ipsum,Online
Clementius,Kornilyev,ckornilyev1@cloudflare.com,Devpoint,6/15/2024,3:19 AM,,155-137-8885,11,11/20/2023,mi,Online
Gisella,Roman,groman2@oaic.gov.au,Eazzy,7/21/2023,5:06 AM,,962-872-7200,15,6/20/2024,curae,Online
Ellette,,ewhitehead3@barnesandnoble.com,Tagchat,5/30/2024,6:35 AM,,976-620-8758,14,12/15/2023,porttitor,Online
Quent,Simion,,Browsetype,6/30/2023,4:52 PM,,157-678-1213,10,2/17/2024,dis,Online
Linnet,Skeete,lskeete5@ow.ly,Browsecat,8/20/2023,10:04 AM,,,10,6/22/2024,justo,Online
Halie,Stamp,hstamp6@tiny.cc,Viva,10/31/2023,11:40 AM,,,12,8/24/2023,mattis,Online
Kerr,Wooton,kwooton7@smugmug.com,Trilia,9/29/2023,2:26 AM,,,7,6/23/2024,volutpat,Online
Deeann,Heffernan,dheffernan8@fda.gov,Zazio,9/29/2023,11:30 AM,,292-729-9499,15,12/28/2023,nulla,Online
Major,Savary,msavary9@washington.edu,Tagfeed,4/3/2024,8:19 AM,,699-651-2123,7,12/25/2023,faucibus,Online
Monte,,mhryniewickia@umn.edu,Yabox,8/22/2023,11:32 PM,,650-392-1894,6,7/29/2023,sagittis,Online
Ema,Pinckstone,epinckstoneb@unicef.org,Oba,7/18/2023,3:21 AM,,413-329-8843,1,1/20/2024,et,Online
Marcellus,Desmond,mdesmondc@wikia.com,Devcast,2/2/2024,4:35 AM,,586-299-1475,7,1/31/2024,tempor,Online
Archer,Nourse,anoursed@meetup.com,Flipstorm,1/20/2024,5:20 AM,,769-567-0896,20,2/25/2024,vel,Online
Barry,Brun,bbrune@jiathis.com,Realbuzz,4/8/2024,12:53 AM,,580-998-7325,19,5/23/2024,diam,Online
Costanza,,,Skipstorm,12/23/2023,11:52 PM,,977-176-5120,18,3/11/2024,sit,Online
Stella,,,Quinu,3/31/2024,11:07 PM,,,20,8/6/2023,mauris,Online
Kass,Mintram,kmintramh@samsung.com,Aivee,11/12/2023,4:17 PM,,964-126-6674,14,8/17/2023,ut,Online
Carena,Crambie,,Fivebridge,12/9/2023,9:58 PM,,514-681-6045,11,4/30/2024,felis,Online
Dorena,Fourman,dfourmanj@businesswire.com,Kwilith,6/23/2024,1:58 AM,,287-104-7008,8,8/10/2023,in,Online
Bartolemo,Daskiewicz,bdaskiewiczk@yolasite.com,Aimbu,12/5/2023,6:34 AM,,,11,3/9/2024,purus,Online
Haze,Forrestall,hforrestalll@i2i.jp,Talane,2/24/2024,9:28 AM,,,3,6/26/2024,lectus,Online
Roana,Goodburn,,Blogtag,6/13/2024,7:54 PM,,270-465-4314,16,4/27/2024,eu,Online
,Cariss,fcarissn@woothemes.com,Dabjam,4/5/2024,6:12 PM,,,20,2/14/2024,felis,Online
Gerek,Loody,gloodyo@behance.net,Zoombox,3/5/2024,6:23 AM,,602-811-2458,7,1/27/2024,ipsum,Online
,Girardoni,,Kwideo,2/19/2024,9:41 PM,,368-488-5118,5,2/16/2024,accumsan,Online
Silas,Cockshott,scockshottq@rakuten.co.jp,Tanoodle,11/27/2023,11:41 PM,,,16,7/15/2023,elementum,Online
Loleta,Torn,ltornr@mail.ru,Voonix,5/30/2024,3:46 PM,,981-962-7321,7,2/8/2024,et,Online
Valencia,Wilbraham,,Wordify,3/29/2024,1:59 AM,,117-333-0317,18,4/18/2024,praesent,Online
Moyra,Hinnerk,mhinnerkt@illinois.edu,Meedoo,1/11/2024,6:55 AM,,539-645-9128,10,6/19/2024,cubilia,Online
Jillayne,Langsdon,jlangsdonu@cisco.com,Chatterpoint,2/29/2024,3:47 AM,egestas metus aenean fermentum donec ut mauris eget massa tempor convallis nulla neque libero convallis eget eleifend,,2,2/22/2024,curae,Online
Dehlia,Clatworthy,dclatworthyv@oaic.gov.au,Skinder,11/17/2023,3:29 AM,,278-508-2500,20,2/17/2024,orci,Online
Elsi,Webermann,ewebermannw@forbes.com,Eazzy,9/1/2023,10:04 AM,penatibus et magnis dis parturient montes nascetur ridiculus mus etiam,237-888-3145,13,1/10/2024,dictumst,Online
Andris,Gillogley,agillogleyx@illinois.edu,Tazzy,8/16/2023,4:04 PM,,119-380-3966,12,2/14/2024,turpis,Online
Dolley,Villa,dvillay@imdb.com,Meezzy,12/16/2023,9:40 AM,,104-196-3546,12,9/22/2023,hac,Online
Roanna,Gaylord,rgaylordz@ask.com,Kwideo,5/23/2024,12:57 AM,,673-509-6020,15,10/2/2023,augue,Online
Joseph,Kenealy,jkenealy10@chicagotribune.com,Feedfire,4/13/2024,5:45 PM,,102-263-0949,20,8/8/2023,in,Online
Dev,Guilleton,,Divavu,1/25/2024,9:12 PM,,120-958-1550,8,11/3/2023,elementum,Online
Galina,Gilliard,,Cogidoo,1/8/2024,10:13 PM,,,8,3/3/2024,sit,Online
Maggee,Searchfield,msearchfield13@quantcast.com,Oyoba,2/19/2024,1:27 AM,,320-543-4658,3,8/28/2023,adipiscing,Online
Major,Lealle,mlealle14@irs.gov,Demimbu,2/18/2024,10:50 AM,,257-434-4644,2,10/10/2023,nibh,Online
Buckie,Serchwell,,Zooveo,10/16/2023,12:48 AM,,951-603-5680,6,6/10/2024,phasellus,Online
Nataline,Pulster,npulster16@yandex.ru,Eayo,11/6/2023,6:32 AM,,686-846-0641,17,10/8/2023,fusce,Online
Artemis,Tomlin,,Thoughtbridge,5/13/2024,8:45 AM,,432-580-0253,14,2/10/2024,morbi,Online
Romola,Ingon,ringon18@a8.net,Brainsphere,7/22/2023,10:48 AM,,,17,1/25/2024,fusce,Online
Lem,Ducastel,lducastel19@google.cn,Feedfish,2/16/2024,9:51 AM,,259-168-2363,9,1/28/2024,nisl,Online
Mellie,Gibard,mgibard1a@twitter.com,Quimm,9/4/2023,3:00 AM,,,19,12/1/2023,quis,Online
Karisa,Siemon,,Centidel,2/24/2024,4:14 AM,,269-787-4957,4,1/19/2024,quis,Online
Clare,Philler,cphiller1c@virginia.edu,Eare,9/12/2023,9:12 PM,,292-494-5765,9,5/19/2024,id,Online
Caritta,Cawte,ccawte1d@ow.ly,Ntag,6/26/2024,2:40 AM,,771-650-0782,13,9/15/2023,quam,Online
,Croucher,vcroucher1e@who.int,Wordpedia,10/25/2023,1:28 AM,,892-264-1295,18,2/24/2024,mollis,Online
Dallon,,dwearn1f@bloglines.com,Rhynoodle,2/8/2024,7:05 AM,,,9,10/17/2023,est,Online
Spike,Hinksen,shinksen1g@stumbleupon.com,Talane,5/13/2024,4:49 AM,,818-619-1970,10,6/12/2024,ornare,Online
Verina,Thomas,vthomas1h@chicagotribune.com,Jaxnation,3/29/2024,3:17 PM,,541-243-5855,4,12/2/2023,eros,Online
Lucho,Chadburn,,Eadel,4/30/2024,8:13 PM,,794-107-7510,19,1/3/2024,dictumst,Online
Felicity,Barfield,fbarfield1j@marriott.com,Riffwire,4/24/2024,6:57 AM,,170-675-5044,15,8/30/2023,curae,Online
Felicle,,,Tagcat,10/11/2023,12:01 AM,,205-114-3365,8,9/3/2023,porttitor,Online
Ranna,Bagley,rbagley1l@biblegateway.com,Kwideo,11/20/2023,9:30 AM,,891-921-0108,2,6/8/2024,est,Online
Seana,Dysart,,Ainyx,1/23/2024,2:04 AM,,102-249-4296,1,9/10/2023,feugiat,Online
Cinderella,Gerald,cgerald1n@intel.com,Gabvine,6/4/2024,1:41 AM,,,7,10/19/2023,penatibus,Online
Nobie,Blanchet,nblanchet1o@cafepress.com,Flipstorm,11/28/2023,9:20 PM,,290-859-2271,11,3/14/2024,nec,Online
Lester,Ruddock,lruddock1p@cmu.edu,Agivu,2/3/2024,2:59 AM,,,13,5/26/2024,suspendisse,Online
Adelina,Antonelli,aantonelli1q@cam.ac.uk,Jabbertype,1/28/2024,8:02 PM,,536-521-8901,16,8/3/2023,luctus,Online
Susannah,Darrigrand,sdarrigrand1r@printfriendly.com,Oyondu,9/6/2023,8:24 PM,,328-736-6015,11,3/27/2024,semper,Online
Kimberley,Wand,,Zoozzy,10/20/2023,10:34 PM,,391-871-4511,9,12/21/2023,rutrum,Online
Matty,Feldstern,mfeldstern1t@typepad.com,Lajo,12/25/2023,7:16 PM,ut dolor morbi vel lectus in quam fringilla rhoncus mauris enim leo rhoncus sed vestibulum sit,424-339-2704,20,5/1/2024,in,Online
Griffin,Stoite,,Eazzy,3/5/2024,3:29 AM,,616-891-8784,4,7/15/2023,eu,Online
Kip,Riediger,kriediger1v@npr.org,Tazz,3/3/2024,3:39 AM,,,10,5/25/2024,dui,Online
,Koch,ekoch1w@engadget.com,Realpoint,8/18/2023,11:17 AM,,,20,2/26/2024,odio,Online
Kelvin,Ledgerton,kledgerton1x@elpais.com,Voonte,12/7/2023,8:00 AM,,879-583-2285,1,2/19/2024,metus,Online
Chalmers,Matyatin,cmatyatin1y@gizmodo.com,Kayveo,12/2/2023,3:04 PM,,,9,9/11/2023,velit,Online
Arnuad,Farnhill,afarnhill1z@oaic.gov.au,Chatterbridge,7/8/2023,2:48 AM,volutpat in congue etiam justo etiam pretium iaculis justo in hac habitasse platea dictumst etiam faucibus cursus urna ut,664-797-7149,5,6/17/2024,volutpat,Online
,,rwoods20@unc.edu,Browsetype,1/22/2024,2:51 AM,,499-666-0746,16,12/2/2023,ligula,Online
Ivan,Bradley,ibradley21@deviantart.com,Kare,10/29/2023,3:36 PM,,855-666-0397,2,5/2/2024,ullamcorper,Online
Jeth,,jallot22@ask.com,Skipfire,4/4/2024,10:24 PM,,772-113-4410,8,9/12/2023,metus,Online
,,kbosket23@about.com,Plambee,9/10/2023,5:02 PM,,937-860-5605,3,3/16/2024,volutpat,Online
Zitella,Phippen,zphippen24@auda.org.au,Edgeclub,12/21/2023,4:50 AM,,561-523-1965,12,8/15/2023,lacinia,Online
Mariele,,mwetherburn25@xrea.com,Twitterbeat,4/18/2024,11:51 PM,,831-881-5191,12,4/13/2024,lobortis,Online
Bayard,,bklauber26@omniture.com,Feedspan,8/10/2023,2:46 AM,,100-926-8441,9,9/22/2023,montes,Online
,De Ruel,tderuel27@narod.ru,Twinder,8/2/2023,5:34 PM,,142-129-2365,2,12/1/2023,in,Online
Rene,Sommerling,,Skidoo,10/14/2023,3:48 AM,,406-800-6283,14,9/16/2023,tempus,Online
Lorianne,Marian,lmarian29@time.com,Ailane,8/6/2023,4:06 AM,,139-110-2156,1,6/22/2024,dui,Online
Skippie,Overy,sovery2a@psu.edu,Jabbersphere,11/20/2023,7:24 AM,,779-820-2835,3,12/25/2023,at,Online
,Ianno,,Chatterbridge,1/24/2024,7:21 PM,,946-871-4997,6,2/20/2024,nam,Online
Dela,Giffin,dgiffin2c@naver.com,Yotz,7/9/2023,5:19 AM,,,5,9/3/2023,diam,Online
Vallie,Griss,vgriss2d@dailymotion.com,Feedspan,8/2/2023,12:06 AM,,939-986-2733,11,9/10/2023,et,Online
Hyacinthe,Savin,hsavin2e@issuu.com,Devify,12/15/2023,11:37 PM,,342-460-8907,17,9/13/2023,feugiat,Online
Raleigh,Ogglebie,rogglebie2f@unesco.org,BlogXS,8/14/2023,11:24 PM,,728-380-5572,2,11/4/2023,odio,Online
Lynnell,Cumberland,lcumberland2g@washington.edu,Vidoo,10/1/2023,10:37 AM,,934-532-9817,19,4/29/2024,sapien,Online
Carolyne,Bengtsson,cbengtsson2h@sciencedirect.com,Eabox,7/13/2023,12:53 AM,,387-975-4292,7,4/25/2024,fermentum,Online
Kakalina,Priestner,,Wordpedia,5/1/2024,7:27 PM,,774-957-5008,5,11/20/2023,quis,Online
Dame,Siveter,dsiveter2j@jimdo.com,Zooveo,10/24/2023,12:17 AM,,930-221-1945,4,3/10/2024,nam,Online
Barri,Calway,bcalway2k@paginegialle.it,Meetz,3/28/2024,6:46 PM,,460-818-3868,6,5/30/2024,enim,Online
Jania,Foyle,jfoyle2l@weebly.com,Layo,7/25/2023,5:00 PM,,,20,12/28/2023,vestibulum,Online
Gunar,Guillford,,Jabbercube,12/26/2023,9:35 PM,convallis nulla neque libero convallis eget eleifend luctus ultricies eu,706-980-4408,2,5/9/2024,nisl,Online
Cyndy,Kingscote,ckingscote2n@drupal.org,Agivu,10/28/2023,9:07 AM,,385-371-6492,7,7/20/2023,quis,Online
Alica,Scneider,ascneider2o@altervista.org,Skyba,11/3/2023,12:04 PM,,979-631-8996,11,12/23/2023,morbi,Online
Zebedee,Rumens,zrumens2p@miitbeian.gov.cn,Browseblab,5/14/2024,5:10 AM,id massa id nisl venenatis lacinia aenean sit amet justo morbi ut odio cras mi pede malesuada in,141-878-9550,5,10/30/2023,sit,Online
Bank,,bskule2q@timesonline.co.uk,Jatri,8/20/2023,1:22 PM,,717-890-6010,11,12/7/2023,pellentesque,Online
Alla,Valentin,avalentin2r@cam.ac.uk,Reallinks,9/20/2023,10:54 AM,,,19,6/10/2024,molestie,Online
Sydney,Grzegorzewski,sgrzegorzewski2s@bizjournals.com,Brightbean,3/3/2024,7:12 PM,,139-863-0665,1,10/13/2023,at,Online
Delmer,Pues,dpues2t@a8.net,Jazzy,3/8/2024,1:05 PM,,338-542-9625,18,6/15/2024,erat,Online
Nikita,Harston,,Demivee,11/27/2023,2:24 PM,,100-990-1658,3,11/13/2023,ac,Online
Dawn,,dplacidi2v@slashdot.org,Gigabox,8/14/2023,7:03 AM,,777-462-5478,17,4/18/2024,convallis,Online
Frederik,Erskine Sandys,ferskinesandys2w@tumblr.com,Twitterworks,1/26/2024,1:35 PM,,426-535-8860,10,3/3/2024,justo,Online
Aristotle,Wigan,awigan2x@washington.edu,Fivebridge,1/3/2024,8:41 AM,,774-612-1622,11,3/6/2024,at,Online
Armin,Cussen,acussen2y@nature.com,Voonix,5/20/2024,11:05 AM,,574-362-8350,10,12/8/2023,vel,Online
Ransell,,ryacob2z@vistaprint.com,Bubblemix,4/6/2024,10:10 AM,,,2,4/18/2024,nulla,Online
Inigo,Currall,icurrall30@time.com,Meedoo,10/12/2023,10:00 AM,,316-562-3901,11,7/29/2023,est,Online
Saidee,,sstubbington31@bing.com,Oyoloo,1/3/2024,5:30 AM,,,17,5/14/2024,justo,Online
Allyce,Harwin,,Zoonder,2/28/2024,10:43 AM,,419-162-7286,20,8/11/2023,sapien,Online
Baxy,D'Acth,,Mynte,6/22/2024,12:59 PM,,261-779-3780,8,4/21/2024,id,Online
Molli,Graver,mgraver34@usatoday.com,Browsecat,10/2/2023,7:51 PM,,272-121-2632,17,3/11/2024,eget,Online
Pier,Rickwood,prickwood35@bigcartel.com,Voonder,11/30/2023,2:19 PM,,,10,4/13/2024,proin,Online
Federico,Bridgwood,fbridgwood36@ning.com,Yombu,4/16/2024,11:48 PM,donec vitae nisi nam ultrices libero non mattis pulvinar nulla pede ullamcorper augue a suscipit nulla elit ac nulla,183-780-3353,7,7/22/2023,hac,Online
Bearnard,Gore,bgore37@nydailynews.com,Oyondu,1/5/2024,4:24 PM,,194-810-7091,2,5/16/2024,neque,Online
Foss,Mellenby,fmellenby38@sciencedirect.com,Rhyzio,9/11/2023,7:05 PM,,698-997-3863,15,8/25/2023,nullam,Online
Reuben,Gildersleaves,,Trunyx,12/6/2023,5:21 AM,,752-398-3494,1,3/11/2024,erat,Online
Alexei,Ashwin,aashwin3a@economist.com,Camido,6/2/2024,2:18 AM,,235-410-7689,4,5/14/2024,morbi,Online
Melantha,Eagleston,meagleston3b@baidu.com,Avamba,4/28/2024,8:29 PM,,,10,11/12/2023,quam,Online
Wandis,Valerio,wvalerio3c@netvibes.com,Voonix,12/12/2023,3:16 AM,,,13,10/20/2023,pede,Online
Livvyy,Gepp,lgepp3d@admin.ch,Avaveo,2/13/2024,6:16 AM,,442-823-4438,6,8/16/2023,imperdiet,Online
Scottie,Birchenhead,sbirchenhead3e@auda.org.au,Shufflester,1/1/2024,9:25 AM,,999-962-7961,4,9/2/2023,sit,Online
Welbie,McCaig,wmccaig3f@howstuffworks.com,Rhybox,7/10/2023,1:22 PM,,117-761-8183,7,1/30/2024,hac,Online
Upton,Tolland,utolland3g@businessinsider.com,Thoughtstorm,10/4/2023,12:37 PM,,608-463-9744,15,10/6/2023,sit,Online
,,poflaherty3h@w3.org,Rhynyx,8/23/2023,1:46 PM,,498-171-6042,3,12/12/2023,at,Online
Phyllis,Readings,preadings3i@blog.com,Trudoo,10/29/2023,4:08 AM,,342-739-7004,13,6/23/2024,sit,Online
Jaclin,Willcox,jwillcox3j@nydailynews.com,Tazzy,3/13/2024,12:32 AM,,298-518-1056,17,12/9/2023,in,Online
,Kopacek,rkopacek3k@shinystat.com,Fatz,6/16/2024,11:20 AM,,932-403-7817,15,6/13/2024,ac,Online
El,,eaikin3l@independent.co.uk,Skimia,3/3/2024,11:04 AM,,852-381-0486,1,1/24/2024,ligula,Online
Nady,Simson,,Rhycero,12/5/2023,7:32 AM,,496-509-3771,11,12/13/2023,neque,Online
Morgen,Verdy,mverdy3n@webeden.co.uk,Meetz,7/1/2023,6:30 PM,,399-871-5814,1,10/16/2023,neque,Online
Nani,Worgen,nworgen3o@i2i.jp,Katz,9/24/2023,9:04 PM,,163-407-8294,16,5/4/2024,dui,Online
Frayda,Goudard,fgoudard3p@purevolume.com,JumpXS,10/23/2023,9:24 AM,,217-945-4888,6,8/7/2023,tortor,Online
Tricia,,tcasaccia3q@plala.or.jp,Yozio,6/10/2024,1:48 PM,,783-724-9400,3,7/27/2023,pellentesque,Online
Addi,Boulding,aboulding3r@hugedomains.com,Gigaclub,11/8/2023,2:07 AM,,365-683-4797,3,4/7/2024,sed,Online
Adrianna,Josifovic,,Blogspan,2/19/2024,7:49 PM,,463-214-6377,20,4/22/2024,in,Online
Donaugh,Peake,dpeake3t@weebly.com,Realbuzz,8/7/2023,1:49 AM,,712-548-9582,4,8/15/2023,natoque,Online
Karlan,,kscotson3u@pbs.org,Kwideo,12/28/2023,12:52 PM,,577-455-9401,2,11/4/2023,venenatis,Online
Grantley,Upston,gupston3v@alexa.com,Photobug,3/10/2024,11:43 PM,,211-360-9169,3,4/17/2024,sapien,Online
Eldridge,Santo,,Skalith,12/27/2023,8:49 AM,,,20,2/6/2024,vehicula,Online
Jeffry,Sponer,jsponer3x@yahoo.co.jp,Centizu,5/20/2024,8:08 AM,,,6,10/4/2023,eleifend,Online
,Routledge,broutledge3y@ed.gov,Flashpoint,1/26/2024,8:16 PM,,804-416-6238,15,2/3/2024,dapibus,Online
Rey,Spybey,rspybey3z@icq.com,Riffpath,6/1/2024,5:29 AM,,446-355-7456,1,6/11/2024,nibh,Online
Jedidiah,Gebhardt,jgebhardt40@com.com,Oyoyo,5/22/2024,11:48 PM,,297-770-9369,16,5/13/2024,ornare,Online
Noel,Galvan,ngalvan41@bandcamp.com,Vitz,1/27/2024,6:29 AM,,,7,7/30/2023,amet,Online
Rosabel,Flew,rflew42@spotify.com,Flipopia,7/27/2023,2:09 PM,,572-930-2152,9,12/5/2023,interdum,Online
Decca,,dklosterman43@twitpic.com,Gabcube,3/18/2024,11:06 AM,,812-817-2696,20,4/3/2024,consequat,Online
Evey,Antognetti,,Feedmix,11/30/2023,2:10 PM,,,11,7/27/2023,lorem,Online
Ronica,Thandi,rthandi45@skype.com,Zoombeat,7/8/2023,1:30 AM,,,18,9/29/2023,sollicitudin,Online
,Hubner,chubner46@princeton.edu,Gevee,11/6/2023,11:48 PM,,810-964-5728,19,5/9/2024,potenti,Online
Madeline,Handford,mhandford47@deliciousdays.com,Realbridge,3/4/2024,11:04 AM,,644-353-1897,5,6/14/2024,porttitor,Online
Agnesse,Nathon,,Flashdog,2/22/2024,5:47 PM,,689-964-6202,1,10/25/2023,eu,Online
Yasmin,Mace,,Oozz,7/5/2023,7:45 AM,,237-209-8289,2,1/8/2024,consequat,Online
,Bannister,cbannister4a@ustream.tv,Zoombox,7/19/2023,3:59 PM,,375-139-7139,3,10/4/2023,est,Online
Kyle,Dalliwatr,kdalliwatr4b@utexas.edu,Thoughtworks,4/26/2024,11:04 PM,,266-386-2758,7,1/3/2024,massa,Online
Estevan,Sadd,esadd4c@livejournal.com,Quatz,7/31/2023,8:08 AM,,736-654-6764,13,2/7/2024,euismod,Online
Milli,Cudde,mcudde4d@bizjournals.com,Ooba,10/9/2023,11:50 AM,,335-500-4771,3,1/8/2024,eros,Online
,Pattrick,apattrick4e@squidoo.com,Divavu,4/8/2024,5:06 PM,,164-385-1499,18,5/2/2024,maecenas,Online
Waldo,Artin,,Thoughtmix,11/14/2023,6:36 PM,,248-943-3757,11,10/12/2023,eget,Online
Ginni,,gbudnk4g@vimeo.com,Flashset,8/12/2023,2:32 AM,,759-112-3726,6,4/18/2024,turpis,Online
Chev,Zuppa,czuppa4h@istockphoto.com,Meedoo,4/22/2024,10:49 AM,,,9,1/14/2024,nisl,Online
Mic,Hubeaux,mhubeaux4i@nytimes.com,Tazz,10/7/2023,12:05 PM,,481-440-3965,8,4/7/2024,porttitor,Online
Hervey,McElory,hmcelory4j@wiley.com,Plajo,7/19/2023,6:28 PM,,355-165-8907,12,11/9/2023,sapien,Online
,Sokill,hsokill4k@dion.ne.jp,Divape,6/16/2024,5:25 PM,,,15,7/21/2023,purus,Online
Claribel,Suermeier,csuermeier4l@goo.gl,Zoomdog,3/24/2024,2:58 AM,,865-820-7533,17,9/17/2023,vestibulum,Online
Reese,,rsiddeley4m@marriott.com,Mynte,4/13/2024,11:33 PM,,704-102-8504,18,5/8/2024,augue,Online
Nelli,Kleiser,nkleiser4n@wikia.com,Twitterbridge,4/30/2024,7:39 PM,,889-824-5243,12,6/5/2024,sapien,Online
Orella,,ohabben4o@wikipedia.org,Photobug,2/20/2024,8:05 AM,,925-401-5613,15,12/6/2023,id,Online
Kenneth,Portinari,kportinari4p@photobucket.com,Edgeclub,1/26/2024,6:31 PM,,492-563-6447,15,8/25/2023,pharetra,Online
Terri-jo,Hail,thail4q@bloglines.com,Agivu,11/25/2023,10:20 AM,,582-262-9931,6,2/11/2024,pharetra,Online
Thomasine,Morlon,,Skalith,7/29/2023,7:11 AM,,585-728-9072,16,3/6/2024,eget,Online
Ulrick,Eastbrook,ueastbrook4s@simplemachines.org,Youbridge,10/10/2023,6:24 PM,,327-886-8790,11,9/26/2023,gravida,Online
Pate,Tsarovic,ptsarovic4t@ihg.com,Layo,9/3/2023,7:13 AM,,937-651-3617,5,8/29/2023,pede,Online
Mollie,Wicklen,,Zoovu,12/15/2023,11:13 AM,,871-530-5833,19,7/30/2023,eu,Online
,Palmer,,Myworks,9/28/2023,4:09 PM,,748-806-2696,15,8/4/2023,cursus,Online
Caz,Gifkins,cgifkins4w@hostgator.com,Fivechat,1/10/2024,2:17 PM,,667-435-4991,15,5/9/2024,turpis,Online
Kendrick,,kkillock4x@guardian.co.uk,Thoughtbeat,5/28/2024,1:56 PM,,,14,10/7/2023,sed,Online
Shannah,Stonehewer,sstonehewer4y@rakuten.co.jp,Bubbletube,7/16/2023,8:32 AM,,,4,10/19/2023,augue,Online
Dael,Klulik,dklulik4z@ebay.co.uk,Twitterwire,12/27/2023,11:15 AM,,636-378-0580,8,7/27/2023,morbi,Online
Sasha,Simeon,ssimeon50@techcrunch.com,Divanoodle,7/18/2023,11:34 AM,,318-205-6714,18,7/25/2023,faucibus,Online
Peadar,Cuxson,pcuxson51@dyndns.org,Teklist,6/30/2023,9:23 AM,,357-919-8122,1,3/15/2024,nisl,Online
Margarette,Northgraves,,Meezzy,11/29/2023,11:01 AM,,360-404-7555,9,3/12/2024,id,Online
Kendal,Ivanenko,kivanenko53@barnesandnoble.com,Tagtune,4/29/2024,11:37 AM,,287-964-9354,14,6/14/2024,donec,Online
Beverlie,Gannicleff,bgannicleff54@addthis.com,Omba,5/15/2024,1:52 AM,,,10,2/24/2024,nec,Online
Gay,Synnot,gsynnot55@edublogs.org,Eabox,11/6/2023,6:47 AM,,,12,11/4/2023,tellus,Online
Brendin,La Padula,blapadula56@1688.com,Vinte,8/18/2023,3:17 AM,,421-830-2320,9,1/10/2024,in,Online
Wain,Poge,wpoge57@dyndns.org,Skinix,2/11/2024,3:24 PM,,412-389-8054,1,11/27/2023,a,Online
Anet,Stollenbecker,astollenbecker58@psu.edu,Twitternation,7/3/2023,7:54 PM,,559-243-7484,18,10/24/2023,lacinia,Online
Britni,Rowe,,Tambee,4/9/2024,9:27 PM,,402-509-6125,9,10/25/2023,aliquet,Online
Chadwick,,,Zoovu,5/29/2024,2:07 PM,,155-919-8643,19,6/5/2024,risus,Online
Gerick,Warkup,gwarkup5b@dropbox.com,Feedspan,3/27/2024,1:20 AM,,243-417-9941,17,3/2/2024,pellentesque,Online
Gennifer,Summergill,,Divape,5/22/2024,4:02 PM,,968-738-3973,6,2/1/2024,posuere,Online
Bertie,Hankey,bhankey5d@smugmug.com,Cogibox,4/25/2024,6:00 PM,,770-256-2265,19,4/20/2024,quisque,Online
Federica,Sanpher,fsanpher5e@seattletimes.com,Wikizz,6/29/2023,3:18 PM,,,8,9/27/2023,quis,Online
Filberte,,fgutherson5f@dagondesign.com,Yamia,10/15/2023,2:44 PM,,445-360-0118,6,2/10/2024,felis,Online
Washington,Paule,wpaule5g@usnews.com,Cogibox,11/1/2023,11:26 PM,,259-605-5311,18,3/6/2024,lectus,Online
,Moors,cmoors5h@cocolog-nifty.com,Tekfly,7/19/2023,9:50 AM,,624-338-1950,7,2/23/2024,parturient,Online
Rosco,Autrie,rautrie5i@discuz.net,Bluezoom,3/28/2024,7:19 AM,,140-408-1364,5,7/12/2023,est,Online
Cirillo,Ikin,cikin5j@nasa.gov,Dynabox,9/22/2023,10:54 AM,,636-322-8885,14,2/4/2024,amet,Online
Cilka,Dood,cdood5k@dell.com,Oyoyo,5/7/2024,4:06 PM,,535-854-1793,17,1/11/2024,eu,Online
Rozina,Pieter,rpieter5l@slideshare.net,Kwilith,12/22/2023,8:52 AM,,365-405-1626,16,2/15/2024,ante,Online
Rodolph,Forlong,rforlong5m@yolasite.com,Eamia,12/21/2023,7:03 AM,,333-490-0277,7,5/20/2024,habitasse,Online
,Ravens,gravens5n@usda.gov,Mydo,9/10/2023,10:01 PM,,531-276-2588,11,7/31/2023,ultrices,Online
Irv,Dabes,idabes5o@ning.com,Photobean,11/8/2023,12:35 PM,,192-448-1975,9,3/9/2024,dui,Online
Gerard,Eagleston,geagleston5p@cbslocal.com,Yata,12/4/2023,5:23 AM,,,19,11/4/2023,vulputate,Online
Thomas,,tmcfadin5q@flavors.me,Gigazoom,2/28/2024,12:47 PM,,930-987-7743,2,7/29/2023,donec,Online
,Chaplyn,mchaplyn5r@cyberchimps.com,Thoughtstorm,7/27/2023,1:21 PM,,672-504-0376,17,5/12/2024,aliquam,Online
Freeland,Sapshed,fsapshed5s@home.pl,Rhybox,4/16/2024,7:56 AM,,581-809-6308,20,5/21/2024,neque,Online
Garik,Tithecote,gtithecote5t@github.com,Teklist,10/21/2023,6:26 AM,,,5,10/14/2023,eget,Online
Lian,Milkins,lmilkins5u@howstuffworks.com,Aimbu,9/8/2023,12:10 AM,,509-156-7693,2,8/8/2023,consectetuer,Online
Mia,Bastin,mbastin5v@skype.com,Voomm,12/1/2023,4:05 AM,,701-471-8893,14,2/10/2024,commodo,Online
Albie,Betham,,Mybuzz,2/10/2024,1:52 PM,id luctus nec molestie sed justo pellentesque viverra pede ac diam cras pellentesque volutpat dui maecenas tristique est et,516-634-8988,1,10/25/2023,ligula,Online
Alikee,Millgate,amillgate5x@reverbnation.com,Dynazzy,10/4/2023,11:26 AM,,426-197-0677,1,3/20/2024,enim,Online
,Coulman,lcoulman5y@dailymotion.com,Meemm,4/18/2024,10:43 PM,,138-136-3958,1,9/26/2023,ac,Online
Florri,McAughtrie,fmcaughtrie5z@list-manage.com,Livepath,5/16/2024,8:30 AM,,894-713-8636,12,6/30/2023,euismod,Online
Paulo,,pjozefiak60@umn.edu,Feedfire,11/27/2023,5:22 AM,,453-764-4221,14,7/10/2023,id,Online
Vanya,,vlamy61@wordpress.com,Skinder,8/18/2023,8:47 AM,,190-919-6916,9,1/31/2024,in,Online
Kinny,,kfittall62@samsung.com,Skynoodle,8/28/2023,10:22 PM,,193-487-3023,2,5/14/2024,suscipit,Online
Gerardo,,gcockin63@seesaa.net,Meeveo,2/2/2024,6:08 AM,,706-856-9355,3,1/11/2024,vel,Online
Krispin,Pancoust,kpancoust64@webmd.com,Browsetype,4/29/2024,2:00 AM,,233-360-2088,15,3/2/2024,elementum,Online
Yetty,Stansbie,ystansbie65@google.com.hk,Voonix,4/10/2024,12:23 AM,,,1,3/18/2024,id,Online
Quinta,Whitloe,qwhitloe66@facebook.com,Skynoodle,6/19/2024,2:19 AM,,795-731-7093,9,12/9/2023,montes,Online
Theodore,Hodgin,thodgin67@ft.com,Meetz,7/3/2023,1:04 AM,,,14,10/28/2023,ante,Online
Casper,Tarbox,ctarbox68@europa.eu,Cogibox,2/17/2024,1:03 AM,,386-104-9836,13,2/28/2024,vulputate,Online
Baxter,Maffetti,bmaffetti69@parallels.com,Voonix,7/9/2023,7:38 AM,,729-324-9622,2,7/6/2023,in,Online
Isidoro,Nore,inore6a@japanpost.jp,Rhyzio,10/30/2023,7:02 PM,,,17,8/19/2023,quis,Online
Sayre,Millgate,smillgate6b@discovery.com,Eimbee,6/12/2024,7:10 AM,,432-762-6322,7,1/5/2024,justo,Online
Alley,Coyne,,Yadel,3/22/2024,10:26 AM,,787-576-0449,6,10/6/2023,mauris,Online
Forrester,Akister,,Voomm,5/16/2024,7:41 AM,,885-797-8475,2,3/28/2024,vestibulum,Online
,Signoret,wsignoret6e@engadget.com,Zoombeat,9/14/2023,10:55 PM,,,16,4/17/2024,pede,Online
Trula,,tbread6f@latimes.com,Viva,7/19/2023,9:23 PM,,835-336-5291,1,9/1/2023,donec,Online
,,lcoolahan6g@apple.com,Trunyx,1/23/2024,10:33 AM,,,9,9/21/2023,ridiculus,Online
Melitta,Rainforth,mrainforth6h@aol.com,Zoovu,6/25/2024,8:25 AM,,858-834-4523,14,10/14/2023,eu,Online
,Jeffree,mjeffree6i@mapquest.com,Quamba,10/9/2023,8:25 AM,,151-312-2226,12,12/31/2023,orci,Online
Karlis,Olivetti,kolivetti6j@jalbum.net,Tagfeed,7/15/2023,7:18 PM,,195-131-7083,10,9/23/2023,eros,Online
Nancey,Simla,nsimla6k@chron.com,Tagfeed,12/30/2023,3:16 AM,mi integer ac neque duis bibendum morbi non quam nec dui luctus rutrum nulla tellus in sagittis dui,400-458-7638,6,1/19/2024,lectus,Online
Gnni,Gricewood,ggricewood6l@princeton.edu,Meeveo,9/8/2023,11:35 PM,,,18,11/14/2023,nisl,Online
,Chadband,,Realpoint,7/26/2023,10:13 AM,,414-556-6757,2,2/14/2024,neque,Online
Irma,Meineck,imeineck6n@hhs.gov,Edgewire,10/8/2023,12:42 AM,,713-200-6322,13,6/22/2024,vestibulum,Online
Jemie,Loren,jloren6o@theglobeandmail.com,Voonder,6/3/2024,8:51 AM,,955-117-3492,11,8/30/2023,nulla,Online
,,unoury6p@exblog.jp,Babbleblab,12/19/2023,9:18 PM,,910-220-3933,16,10/27/2023,molestie,Online
Terrell,Fibbens,tfibbens6q@chron.com,Devcast,3/29/2024,6:08 AM,,224-903-6221,17,3/31/2024,placerat,Online
Son,Windibank,swindibank6r@multiply.com,Youbridge,8/22/2023,7:09 AM,,404-476-3850,12,5/31/2024,egestas,Online
Travus,Orrock,,Devcast,8/26/2023,9:36 AM,,842-559-6888,19,11/4/2023,eget,Online
Jess,Bowring,jbowring6t@ocn.ne.jp,Livetube,8/8/2023,12:06 PM,,417-901-3483,6,5/27/2024,ipsum,Online
Pammie,Cambell,pcambell6u@businessweek.com,Yata,5/17/2024,6:42 AM,,924-114-7068,4,3/9/2024,sapien,Online
Daryle,Baguley,dbaguley6v@sakura.ne.jp,Meembee,5/13/2024,9:33 AM,,965-836-2174,2,2/7/2024,auctor,Online
Retha,,rhartmann6w@sourceforge.net,Dabvine,9/15/2023,5:24 PM,,644-916-4934,20,9/25/2023,tempus,Online
Elisabet,Alban,ealban6x@npr.org,Skyndu,11/24/2023,6:25 PM,,,20,12/18/2023,convallis,Online
Brok,Pain,bpain6y@joomla.org,Voomm,11/18/2023,5:57 AM,,581-967-7402,4,10/21/2023,pede,Online
Deck,Strathdee,dstrathdee6z@digg.com,Latz,7/14/2023,12:28 PM,,547-857-5782,6,3/22/2024,sed,Online
Johanna,Hedden,jhedden70@aboutads.info,Bluezoom,12/3/2023,4:32 PM,,951-886-8539,10,11/14/2023,porttitor,Online
Quinta,Dowgill,qdowgill71@furl.net,Linklinks,7/1/2023,3:07 AM,,166-601-6281,20,11/8/2023,duis,Online
Garnette,Palfreyman,gpalfreyman72@answers.com,Oozz,2/28/2024,6:35 PM,,151-657-2183,4,5/18/2024,nunc,Online
Violetta,Albertson,,Mydo,6/22/2024,10:19 PM,,236-317-2944,3,10/15/2023,lobortis,Online
Lizzy,Amaya,lamaya74@rambler.ru,Riffpath,2/16/2024,11:11 AM,,459-451-9858,8,6/5/2024,iaculis,Online
Marge,Lemon,mlemon75@tinypic.com,Browsecat,9/3/2023,5:56 PM,,847-206-2042,13,2/17/2024,eu,Online
Emmalynn,Scolding,,Centidel,12/29/2023,2:49 PM,,683-836-8105,11,10/11/2023,rutrum,Online
Netti,Rennles,nrennles77@barnesandnoble.com,Demimbu,11/11/2023,8:34 AM,,214-643-2344,12,7/9/2023,integer,Online
Gabriellia,Knightsbridge,gknightsbridge78@amazon.co.uk,Trunyx,8/9/2023,11:28 PM,,452-158-8809,4,6/22/2024,bibendum,Online
Betteanne,Le Fevre,blefevre79@house.gov,Buzzbean,12/2/2023,1:14 PM,,,20,5/26/2024,in,Online
Angelo,Ruggieri,aruggieri7a@altervista.org,Flipbug,12/9/2023,3:33 PM,,264-669-3977,16,8/14/2023,cras,Online
Anneliese,Dimmock,adimmock7b@narod.ru,Thoughtblab,5/26/2024,11:27 PM,,486-119-0837,19,11/12/2023,justo,Online
Theo,Itzkov,titzkov7c@cafepress.com,Fiveclub,11/2/2023,10:56 PM,,644-911-2220,9,3/20/2024,nulla,Online
Isidoro,,ibartalot7d@taobao.com,Buzzshare,6/30/2023,11:08 PM,,173-868-4867,13,4/8/2024,sapien,Online
Melessa,Campbell-Dunlop,mcampbelldunlop7e@weather.com,Kayveo,5/3/2024,5:13 PM,,,20,12/2/2023,neque,Online
Stefanie,Alltimes,salltimes7f@un.org,Topicshots,7/4/2023,8:18 AM,,702-925-5896,5,5/11/2024,lectus,Online
,De Carolis,,Digitube,4/30/2024,5:30 AM,,968-165-8398,11,10/13/2023,eu,Online
,Dupree,bdupree7h@admin.ch,Wordtune,5/10/2024,5:40 AM,,673-772-2649,13,7/7/2023,eget,Online
Chandler,Orris,corris7i@webmd.com,Devpoint,6/1/2024,7:54 PM,,378-282-9347,14,3/31/2024,vulputate,Online
Mommy,Giamo,mgiamo7j@icio.us,Rhyloo,4/6/2024,5:03 AM,,649-614-7489,2,7/25/2023,venenatis,Online
Darrelle,Offa,doffa7k@csmonitor.com,Zoonoodle,11/16/2023,7:31 AM,,835-437-0835,7,9/15/2023,accumsan,Online
Demetrius,Kolakovic,dkolakovic7l@tinyurl.com,Kayveo,2/16/2024,8:23 PM,,,7,8/10/2023,non,Online
Fanni,Stourton,fstourton7m@delicious.com,Photobug,7/13/2023,8:12 PM,,451-591-7004,15,2/12/2024,gravida,Online
Kevina,Shoubridge,,Yotz,5/8/2024,2:59 AM,massa tempor convallis nulla neque libero convallis eget eleifend luctus ultricies,327-879-9366,1,9/3/2023,purus,Online
Chevy,Jarnell,cjarnell7o@mashable.com,Youspan,9/7/2023,1:15 AM,,,13,9/16/2023,duis,Online
Alva,O'Mohun,aomohun7p@1und1.de,Leexo,10/23/2023,3:56 AM,,,7,3/21/2024,aliquam,Online
Moritz,Scotney,mscotney7q@stumbleupon.com,Realmix,1/7/2024,4:09 PM,,557-311-3910,14,8/12/2023,eu,Online
Cicely,Rigeby,crigeby7r@aol.com,Livetube,4/5/2024,10:23 PM,,500-803-4874,20,8/13/2023,nulla,Online
Melonie,,mdevoy7s@seattletimes.com,Flipstorm,7/31/2023,4:33 AM,,,18,11/9/2023,bibendum,Online
Kylen,Cartmer,,Linklinks,12/8/2023,7:41 PM,,,5,5/28/2024,dui,Online
,Sinnat,gsinnat7u@friendfeed.com,Gigashots,4/26/2024,9:01 PM,,347-586-8196,7,4/16/2024,eu,Online
Merill,Learmount,mlearmount7v@squidoo.com,Flipopia,12/2/2023,7:59 PM,,143-910-8294,19,9/7/2023,justo,Online
,Harvett,gharvett7w@disqus.com,Babblestorm,3/7/2024,7:38 AM,,598-400-0158,4,8/16/2023,ultrices,Online
Laryssa,Rosberg,,Eare,2/20/2024,9:06 PM,,977-172-5897,15,1/5/2024,curae,Online
Eberhard,Gritsaev,egritsaev7y@princeton.edu,Devpoint,1/8/2024,7:08 PM,,363-517-0678,18,6/8/2024,ipsum,Online
,Kettow,okettow7z@about.com,Realbridge,6/5/2024,6:30 AM,,740-397-3508,4,8/25/2023,id,Online
Tandy,Rainsdon,trainsdon80@who.int,Edgeblab,11/20/2023,2:26 PM,,456-696-1445,12,9/16/2023,sed,Online
,Girault,agirault81@163.com,Twitterlist,10/17/2023,12:10 AM,,,10,10/11/2023,at,Online
Timothea,Grant,tgrant82@house.gov,Wordpedia,2/4/2024,6:27 AM,,366-937-8828,1,12/1/2023,id,Online
Idalina,Snarie,,Reallinks,5/2/2024,7:33 PM,placerat ante nulla justo aliquam quis turpis eget elit sodales scelerisque mauris sit amet,315-787-8148,6,10/19/2023,dolor,Online
Hailee,Heasley,hheasley84@ycombinator.com,Skivee,12/24/2023,1:48 PM,,569-753-5709,4,11/9/2023,adipiscing,Online
Thorny,Bunclark,,Fivechat,6/16/2024,11:12 AM,,833-300-6160,8,9/8/2023,blandit,Online
,Klazenga,lklazenga86@pen.io,Zooxo,8/18/2023,7:21 AM,,747-614-7778,1,5/4/2024,vel,Online
Aigneis,Gordge,,Trilith,9/26/2023,11:24 AM,,,11,11/25/2023,at,Online
Brinn,Hospital,bhospital88@hhs.gov,Babblestorm,4/21/2024,11:06 AM,,625-853-2718,10,12/15/2023,porta,Online
Petra,Tulleth,,Twitterbeat,3/17/2024,8:22 PM,,864-614-1218,7,2/8/2024,in,Online
George,Hickeringill,ghickeringill8a@cocolog-nifty.com,Thoughtmix,6/26/2024,4:59 PM,,128-509-1194,19,9/13/2023,sollicitudin,Online
Andi,Margaritelli,amargaritelli8b@topsy.com,Devify,4/25/2024,12:26 PM,,,2,7/26/2023,etiam,Online
Gusella,Currie,gcurrie8c@opera.com,Yabox,5/24/2024,3:36 AM,,464-133-3806,19,11/12/2023,sapien,Online
Annmarie,Chiechio,achiechio8d@skype.com,Leenti,3/21/2024,12:28 AM,,,8,5/13/2024,sapien,Online
Delora,,dparsley8e@chron.com,Eare,9/28/2023,12:18 PM,,,1,9/19/2023,consequat,Online
Benny,Vasiltsov,,Thoughtmix,8/30/2023,10:05 PM,,374-473-2455,15,8/27/2023,vel,Online
Paola,Coenraets,pcoenraets8g@usda.gov,Quinu,12/12/2023,7:25 PM,,198-390-1207,16,5/15/2024,ac,Online
Augustina,MacNeilly,,Skivee,11/15/2023,6:06 AM,,566-722-7229,19,7/30/2023,orci,Online
Georgianne,,ghodgin8i@mtv.com,Mycat,3/21/2024,11:19 PM,,438-243-5166,14,1/28/2024,ultrices,Online
Joan,Mills,,Topiczoom,1/24/2024,5:15 AM,,,11,4/29/2024,venenatis,Online
Biron,Sheldrick,bsheldrick8k@eepurl.com,Tekfly,10/28/2023,6:29 PM,,820-630-7922,5,10/13/2023,maecenas,Online
Jae,Belle,jbelle8l@sfgate.com,Voolia,8/17/2023,6:21 AM,,202-183-7685,7,2/10/2024,fusce,Online
Frans,Corteis,fcorteis8m@example.com,Kazio,2/18/2024,6:55 PM,,130-424-5085,16,10/19/2023,ut,Online
Meredith,,mbaccup8n@dailymail.co.uk,Jaloo,8/15/2023,10:05 AM,,663-183-7444,4,5/4/2024,morbi,Online
,Sterry,hsterry8o@columbia.edu,Mudo,12/23/2023,3:32 AM,,625-917-9901,15,3/1/2024,suspendisse,Online
Byron,Gannicott,bgannicott8p@google.cn,Tagfeed,8/30/2023,8:14 PM,suscipit ligula in lacus curabitur at ipsum ac tellus semper interdum mauris ullamcorper purus sit amet nulla quisque,212-490-4747,5,3/26/2024,ultrices,Online
Agace,Chappel,,Twitterbridge,9/19/2023,6:11 PM,,160-581-2113,19,2/2/2024,molestie,Online
Quintin,Platt,qplatt8r@com.com,Tambee,10/20/2023,10:18 PM,,,20,9/8/2023,odio,Online
Gherardo,Hatry,ghatry8s@pen.io,Rhyloo,8/22/2023,1:36 AM,,545-480-5506,5,4/24/2024,lobortis,Online
Hestia,,hmeharry8t@biglobe.ne.jp,Edgepulse,10/17/2023,5:38 PM,,,5,5/5/2024,amet,Online
Silvio,Hazelton,shazelton8u@google.com.br,Dabfeed,4/24/2024,3:01 PM,,536-946-4290,14,12/22/2023,est,Online
Kalvin,Avann,kavann8v@last.fm,Bubblemix,3/15/2024,8:14 AM,,576-274-0035,1,9/21/2023,est,Online
Nissa,Benini,nbenini8w@ft.com,Zoombox,12/12/2023,6:32 PM,,106-668-8935,16,5/30/2024,diam,Online
Giffie,Tyrrell,gtyrrell8x@arstechnica.com,Agimba,11/29/2023,5:32 AM,,852-332-8035,11,4/17/2024,tortor,Online
Danit,Leverington,dleverington8y@about.me,Skajo,7/3/2023,10:16 PM,,910-111-1760,3,2/2/2024,quam,Online
Ruthie,,rlockett8z@amazon.com,Pixope,7/9/2023,12:14 PM,,782-597-0527,12,6/15/2024,ante,Online
Matt,Kebbell,mkebbell90@wikia.com,Jaxbean,12/13/2023,9:46 PM,,,6,12/3/2023,ullamcorper,Online
Shanta,Bussen,sbussen91@naver.com,Yata,11/2/2023,8:33 PM,,511-825-1809,19,8/14/2023,phasellus,Online
Kristan,Prenty,kprenty92@ed.gov,Katz,8/10/2023,4:50 PM,,457-600-4032,7,10/24/2023,faucibus,Online
Garrot,Limpenny,glimpenny93@fotki.com,Cogilith,9/20/2023,11:47 AM,,692-851-7674,17,9/28/2023,at,Online
Shina,,sviles94@youtu.be,Jayo,3/20/2024,10:58 AM,,738-931-9951,10,8/17/2023,turpis,Online
Chanda,Boriston,cboriston95@scientificamerican.com,Babbleset,8/27/2023,10:34 AM,proin eu mi nulla ac enim in tempor turpis nec euismod,657-187-7884,16,11/15/2023,duis,Online
Edithe,Pynner,epynner96@booking.com,Skinder,6/27/2024,6:10 PM,,689-787-6287,13,9/19/2023,mauris,Online
Jessie,Bennitt,jbennitt97@cbslocal.com,Skinder,9/8/2023,9:23 AM,,640-483-6425,10,11/17/2023,in,Online
Stella,Attack,,Cogidoo,4/10/2024,8:10 AM,,,19,10/13/2023,tristique,Online
Marielle,,msweynson99@csmonitor.com,Trudeo,9/25/2023,8:13 PM,,,8,5/12/2024,id,Online
Sarine,Lambkin,slambkin9a@comcast.net,Meemm,9/24/2023,7:24 PM,,349-294-9978,11,6/22/2024,luctus,Online
Denise,Pickover,dpickover9b@tinyurl.com,Jabberbean,12/1/2023,4:05 PM,,934-608-4324,18,7/26/2023,mauris,Online
Norbert,Purkiss,npurkiss9c@domainmarket.com,Minyx,7/28/2023,4:36 PM,,588-385-6091,12,5/13/2024,a,Online
Moreen,Gaine,,Kwilith,6/28/2023,3:18 PM,,516-307-0519,14,12/31/2023,magna,Online
Persis,,pcasarino9e@google.es,Aimbo,4/15/2024,1:01 PM,,953-626-9113,2,5/15/2024,consequat,Online
Toni,Wurst,twurst9f@hostgator.com,Zoonder,7/6/2023,9:46 PM,,300-138-9240,15,10/5/2023,enim,Online
Ursola,Burdfield,uburdfield9g@usatoday.com,Youtags,3/26/2024,12:40 AM,,,13,10/10/2023,quam,Online
Nikaniki,Limpricht,nlimpricht9h@indiatimes.com,Trilia,8/11/2023,8:31 PM,dapibus dolor vel est donec odio justo sollicitudin ut suscipit a feugiat et eros vestibulum ac,317-813-3326,6,3/8/2024,nonummy,Online
Barry,Lukes,blukes9i@tumblr.com,Skaboo,3/16/2024,10:17 PM,,,4,6/5/2024,nulla,Online
Sigismund,Fakes,,Skajo,10/24/2023,6:15 PM,,991-896-8787,10,12/7/2023,blandit,Online
Karlan,Borrows,kborrows9k@bloglovin.com,Babbleset,2/6/2024,8:15 AM,,596-931-8082,9,4/25/2024,sit,Online
Ruperto,Maken,rmaken9l@washington.edu,Realcube,12/17/2023,12:36 AM,,465-386-1862,14,8/12/2023,in,Online
Blithe,,bdiangelo9m@newyorker.com,Oba,12/12/2023,11:16 PM,,804-249-9967,1,6/10/2024,mauris,Online
Che,Tranfield,ctranfield9n@tinyurl.com,Nlounge,9/23/2023,6:51 AM,,279-234-8739,14,5/29/2024,lobortis,Online
Jennilee,,jjeannet9o@army.mil,Zoomlounge,11/18/2023,5:20 AM,,105-266-7965,13,4/17/2024,amet,Online
,Tindley,ttindley9p@reference.com,Oba,6/6/2024,12:36 PM,,399-415-5587,4,2/27/2024,vel,Online
Elonore,Garstan,egarstan9q@aol.com,Minyx,8/29/2023,11:33 PM,,,3,3/12/2024,vestibulum,Online
Ralf,Choffin,rchoffin9r@ocn.ne.jp,Meemm,10/1/2023,10:04 AM,,,4,6/5/2024,in,Online
Shem,McGibbon,,Quinu,7/16/2023,12:19 AM,,653-583-2863,19,3/17/2024,eget,Online
Currie,Crab,,Shuffledrive,11/8/2023,4:50 AM,,,11,5/25/2024,facilisi,Online
Kellsie,Indgs,,Jazzy,3/22/2024,6:49 AM,,,5,12/12/2023,sit,Online
Robin,Tellenbrok,rtellenbrok9v@ezinearticles.com,JumpXS,2/5/2024,8:11 PM,,930-999-9166,1,4/23/2024,nam,Online
Kleon,Bloggett,,Tagfeed,6/9/2024,5:43 AM,,749-197-3740,19,9/23/2023,auctor,Online
Mathilda,Ashdown,mashdown9x@dyndns.org,Eimbee,5/23/2024,3:26 AM,,,17,8/24/2023,pede,Online
,Kime,ekime9y@nydailynews.com,Quaxo,8/28/2023,7:54 PM,,148-851-5333,13,10/24/2023,faucibus,Online
Anastasia,McLane,amclane9z@cam.ac.uk,Babbleblab,3/27/2024,8:51 AM,,,18,4/19/2024,ac,Online
Melita,Delgadillo,mdelgadilloa0@latimes.com,Zoozzy,11/27/2023,3:16 AM,duis aliquam convallis nunc proin at turpis a pede posuere nonummy integer non velit donec diam,574-387-0963,12,12/17/2023,porttitor,Online
Hana,MacConnechie,hmacconnechiea1@kickstarter.com,Yombu,5/2/2024,8:15 PM,,778-950-1969,4,9/9/2023,enim,Online
Raffaello,Rouch,rroucha2@bbb.org,Layo,7/13/2023,9:43 AM,,736-586-6870,20,11/27/2023,nulla,Online
Casie,Climer,,Zoombox,7/14/2023,8:24 PM,velit donec diam neque vestibulum eget vulputate ut ultrices vel augue vestibulum ante ipsum primis in faucibus orci luctus,882-269-1827,8,11/9/2023,enim,Online
,Samber,,Wordify,1/20/2024,3:16 PM,,644-596-9091,17,10/8/2023,imperdiet,Online
Jarret,Mixon,jmixona5@yahoo.co.jp,Dynabox,1/1/2024,8:34 AM,,824-596-5881,19,1/1/2024,a,Online
Dareen,Aris,darisa6@cpanel.net,Twinder,6/14/2024,5:45 AM,,,16,1/10/2024,lectus,Online
Earl,Voce,evocea7@loc.gov,Layo,1/24/2024,7:30 AM,,240-574-9240,1,1/25/2024,praesent,Online
,Twelves,btwelvesa8@state.gov,Oba,1/28/2024,6:46 PM,,893-500-9139,9,7/17/2023,urna,Online
Ansley,Franies,afraniesa9@amazonaws.com,Meevee,5/25/2024,11:47 AM,,,5,9/30/2023,posuere,Online
Dodi,Trett,dtrettaa@weebly.com,Brainverse,1/23/2024,10:33 AM,,957-650-9489,10,2/29/2024,justo,Online
Diandra,Wellstood,dwellstoodab@home.pl,Topdrive,8/21/2023,9:01 PM,,,20,5/1/2024,at,Online
Demetrius,Macourek,,Zoonder,2/11/2024,11:49 PM,,,5,10/23/2023,amet,Online
Remus,Aldwinckle,,Dynazzy,8/11/2023,12:34 PM,,,14,7/11/2023,ipsum,Online
Elfrieda,,,Realblab,11/1/2023,3:43 PM,,,18,11/16/2023,augue,Online
Brooke,Faber,bfaberaf@spiegel.de,Skidoo,12/16/2023,9:44 AM,,,15,4/6/2024,vulputate,Online
Rubetta,Neighbour,rneighbourag@nymag.com,Ailane,1/30/2024,6:21 PM,,917-157-1593,15,7/22/2023,cum,Online
Jesse,Sartin,,Shuffledrive,10/14/2023,8:12 PM,,652-640-1185,1,8/17/2023,vel,Online
Henriette,Penella,hpenellaai@epa.gov,Jabbersphere,4/19/2024,4:25 AM,,829-253-5703,20,2/23/2024,nisl,Online
Glyn,Claus,gclausaj@umich.edu,Photobug,4/6/2024,9:46 PM,,507-161-4640,8,11/2/2023,tellus,Online
Alair,,,Buzzdog,6/21/2024,4:50 PM,,832-386-1351,20,5/11/2024,mauris,Online
,,awybourneal@oakley.com,Dabfeed,2/29/2024,2:51 AM,,,19,10/3/2023,donec,Online
Cherida,Renneke,crennekeam@adobe.com,Livetube,12/14/2023,6:01 AM,,633-301-5057,18,11/17/2023,sit,Online
,MacArthur,cmacarthuran@printfriendly.com,Shuffledrive,8/24/2023,5:15 PM,,,7,9/12/2023,morbi,Online
Webb,McKeady,wmckeadyao@bizjournals.com,Oyondu,7/28/2023,2:58 AM,,981-578-7817,5,2/16/2024,donec,Online
Alford,Ebbs,aebbsap@nba.com,Photospace,10/2/2023,8:20 PM,,848-908-5028,7,6/27/2024,in,Online
Archaimbaud,Dybell,adybellaq@1688.com,Mybuzz,10/10/2023,7:39 PM,,,12,11/12/2023,pharetra,Online
Reba,,rrammar@shop-pro.jp,Topicware,12/1/2023,4:59 PM,,807-794-3367,1,3/18/2024,dolor,Online
,Filipchikov,,Youopia,9/28/2023,1:18 AM,,,17,2/23/2024,hendrerit,Online
Dagmar,Paolino,dpaolinoat@zdnet.com,Rhyloo,8/13/2023,5:44 AM,,527-302-5950,5,2/10/2024,sociis,Online
Shaun,,sbrettelleau@xing.com,Layo,3/15/2024,4:10 PM,,,1,7/11/2023,placerat,Online
Ives,Cainey,icaineyav@buzzfeed.com,Trilia,10/9/2023,6:54 AM,,478-117-3039,9,6/30/2023,et,Online
,Corten,jcortenaw@tamu.edu,Babbleopia,5/19/2024,7:11 PM,,702-842-9637,3,11/9/2023,justo,Online
Virgilio,,vfarnishax@discovery.com,Katz,3/11/2024,8:29 AM,,433-365-5333,13,6/20/2024,magnis,Online
Quintilla,Hempshall,qhempshallay@fotki.com,Eare,1/13/2024,2:04 AM,,351-627-3056,11,11/29/2023,mauris,Online
Zach,Oxborrow,zoxborrowaz@i2i.jp,Kaymbo,6/8/2024,12:09 PM,,164-651-2220,4,9/9/2023,cubilia,Online
Liza,Lilbourne,llilbourneb0@istockphoto.com,Meedoo,9/11/2023,10:03 PM,,928-256-7099,1,11/3/2023,arcu,Online
Karrah,Woodward,kwoodwardb1@dmoz.org,Skilith,9/18/2023,9:21 AM,,439-271-3305,8,12/5/2023,ut,Online
Judie,Tough,jtoughb2@tinypic.com,Zazio,3/3/2024,5:14 AM,,340-543-6595,16,11/25/2023,justo,Online
Ellery,Daintree,edaintreeb3@google.co.jp,Dablist,3/6/2024,11:55 AM,,827-685-0499,14,4/20/2024,tincidunt,Online
Anya,Rickhuss,arickhussb4@sakura.ne.jp,Centizu,3/16/2024,10:56 AM,,499-258-0313,8,2/6/2024,nulla,Online
Elihu,Redhole,eredholeb5@abc.net.au,Camimbo,9/30/2023,12:40 PM,,647-311-7725,2,10/26/2023,nibh,Online
Duff,Bascombe,dbascombeb6@pbs.org,Mybuzz,2/11/2024,1:44 AM,,663-337-9020,2,12/1/2023,in,Online
Eddi,,,Oozz,8/29/2023,12:25 AM,,,4,10/6/2023,vehicula,Online
,Fryatt,cfryattb8@bigcartel.com,Podcat,11/13/2023,1:35 AM,,234-113-7713,4,11/2/2023,id,Online
Ardra,Bartles,abartlesb9@yahoo.co.jp,Zoomcast,9/25/2023,5:50 AM,,,14,7/18/2023,aliquet,Online
Velvet,Dalziell,vdalziellba@biglobe.ne.jp,Shuffledrive,11/7/2023,12:51 PM,,,9,11/22/2023,eget,Online
Parrnell,Copcote,pcopcotebb@umn.edu,Devify,3/16/2024,9:30 PM,,835-611-6030,8,12/12/2023,vestibulum,Online
Ameline,Crompton,acromptonbc@nbcnews.com,Twitterbridge,12/30/2023,3:31 PM,,,17,8/21/2023,ridiculus,Online
,Duckham,,Avavee,10/28/2023,11:45 AM,,235-360-8783,11,6/16/2024,maecenas,Online
Chelsea,Itzakson,citzaksonbe@gov.uk,Edgeblab,3/22/2024,7:21 AM,,,17,4/21/2024,et,Online
Greg,Rudd,gruddbf@squidoo.com,Dynabox,3/7/2024,2:18 PM,,324-130-1164,1,1/10/2024,sit,Online
Nichol,Jerche,njerchebg@si.edu,Meejo,9/5/2023,2:41 AM,,813-802-6520,11,8/28/2023,ut,Online
Arlee,Kelle,akellebh@google.nl,Edgewire,4/21/2024,5:57 AM,,424-917-6173,12,8/28/2023,volutpat,Online
Northrup,Decroix,,Youopia,2/17/2024,8:04 PM,,554-866-6127,1,8/11/2023,in,Online
Jewell,Goldfinch,,Linkbridge,1/17/2024,5:00 AM,,,16,2/3/2024,mi,Online
,Barbara,ebarbarabk@elpais.com,Livetube,4/22/2024,2:26 PM,,804-170-7336,11,11/10/2023,ante,Online
Reynolds,Pottberry,rpottberrybl@hostgator.com,Wordtune,2/24/2024,2:16 AM,,870-637-8867,11,8/7/2023,pharetra,Online
Bidget,,bbucktroutbm@pbs.org,Oloo,2/26/2024,5:56 AM,,421-347-9922,15,7/7/2023,integer,Online
Borden,,bvennerbn@wunderground.com,Voomm,9/26/2023,5:29 PM,,140-560-6676,12,2/18/2024,vulputate,Online
Helyn,Curbishley,hcurbishleybo@php.net,Blogspan,12/13/2023,2:26 PM,,,5,11/23/2023,eu,Online
Ewan,Tommasuzzi,etommasuzzibp@odnoklassniki.ru,Jaxworks,2/7/2024,7:10 PM,,888-956-1693,15,2/7/2024,in,Online
Chevalier,Horsted,,Thoughtbridge,10/20/2023,5:01 AM,,688-448-7723,18,11/11/2023,tristique,Online
Ermengarde,Keizman,ekeizmanbr@amazonaws.com,Zoonder,9/3/2023,2:18 AM,blandit lacinia erat vestibulum sed magna at nunc commodo placerat praesent blandit nam nulla integer,876-803-5724,10,12/20/2023,dui,Online
Booth,Flavelle,,Gabtune,7/2/2023,10:26 PM,,360-124-2158,15,3/8/2024,nunc,Online
Kristofer,Sackur,ksackurbt@berkeley.edu,Feedmix,7/19/2023,11:38 PM,,978-235-2671,3,10/15/2023,orci,Online
Kerrin,Tinniswood,ktinniswoodbu@ucoz.com,Oyoloo,11/20/2023,10:36 PM,,707-629-7850,10,9/1/2023,habitasse,Online
Ethan,Laxson,elaxsonbv@usgs.gov,Leenti,2/8/2024,10:36 AM,,355-367-5538,8,2/20/2024,leo,Online
Heindrick,Rymour,,Dynava,10/2/2023,9:54 PM,,,3,10/25/2023,at,Online
Hayyim,Plaster,,Blogpad,6/13/2024,3:36 PM,,967-642-7529,6,9/19/2023,sollicitudin,Online
,Baumaier,,Edgeify,11/6/2023,10:06 PM,,372-131-3103,15,11/5/2023,ut,Online
Tanny,Levet,tlevetbz@shop-pro.jp,Jayo,3/17/2024,8:26 AM,,,13,7/10/2023,pede,Online
Augusta,Beadon,,Skyndu,1/27/2024,6:10 PM,,,2,12/30/2023,risus,Online
Morse,Newbigging,mnewbiggingc1@webs.com,Riffpath,3/5/2024,12:41 AM,sit amet turpis elementum ligula vehicula consequat morbi a ipsum integer a nibh in quis justo maecenas,331-790-0557,14,3/5/2024,ipsum,Online
Benedetto,Bastow,,Geba,1/22/2024,11:06 AM,,706-920-5795,3,10/10/2023,lobortis,Online
Datha,Clowton,,Ainyx,3/27/2024,2:11 AM,,887-128-1685,7,6/16/2024,pulvinar,Online
Vanessa,Croix,vcroixc4@naver.com,Realbuzz,4/6/2024,10:29 AM,,429-463-5838,4,7/20/2023,pede,Online
Kali,,kbramec5@symantec.com,Youspan,6/25/2024,12:40 AM,parturient montes nascetur ridiculus mus etiam vel augue vestibulum rutrum rutrum neque aenean auctor gravida sem,909-988-5408,9,11/19/2023,in,Online
Urbain,,ubissellc6@printfriendly.com,Oyoloo,9/27/2023,1:32 AM,,,16,8/1/2023,arcu,Online
,Brandom,pbrandomc7@friendfeed.com,Brightbean,1/22/2024,5:51 PM,,891-862-3897,19,2/3/2024,commodo,Online
Pippo,Goodacre,pgoodacrec8@admin.ch,Skilith,4/24/2024,10:28 PM,,406-622-1261,12,4/19/2024,erat,Online
Tansy,Rouf,troufc9@ft.com,Fivebridge,5/3/2024,7:17 AM,,721-481-1673,11,5/2/2024,ultrices,Online
Elmore,Ead,eeadca@engadget.com,Izio,7/1/2023,8:01 PM,,,18,5/16/2024,sed,Online
Seline,Mateos,,Devbug,7/18/2023,1:42 PM,,165-563-2136,6,9/17/2023,proin,Online
,Code,ccodecc@w3.org,Feedbug,8/21/2023,6:19 AM,,316-457-6616,19,9/10/2023,viverra,Online
Foster,Overel,foverelcd@deliciousdays.com,Lazz,6/28/2023,7:26 AM,,844-931-5064,7,9/3/2023,proin,Online
Cammy,,cscottinice@godaddy.com,Camimbo,7/10/2023,1:12 PM,,724-997-5972,19,4/5/2024,semper,Online
,MacAlpin,,Feedspan,12/21/2023,10:16 PM,,414-666-5541,16,6/4/2024,sapien,Online
Beale,Drysdale,bdrysdalecg@yolasite.com,Eazzy,10/18/2023,10:33 AM,,825-600-9052,6,12/8/2023,at,Online
Sebastien,Divver,sdivverch@cam.ac.uk,Twitterworks,3/23/2024,11:54 PM,libero convallis eget eleifend luctus ultricies eu nibh quisque id justo sit,752-990-9755,7,12/9/2023,donec,Online
Stefan,Breche,sbrecheci@dion.ne.jp,Photobean,3/23/2024,5:01 AM,,653-161-1567,19,5/25/2024,blandit,Online
Janeczka,Fist,jfistcj@cbslocal.com,BlogXS,5/10/2024,9:33 PM,luctus ultricies eu nibh quisque id justo sit amet sapien dignissim vestibulum vestibulum ante,598-835-0041,5,7/3/2023,parturient,Online
Karlens,Guice,kguiceck@marriott.com,Devpulse,1/29/2024,4:46 AM,,352-518-6206,3,7/26/2023,neque,Online
,Cordobes,mcordobescl@google.de,Mynte,8/13/2023,2:11 PM,,,5,5/14/2024,sapien,Online
Beatriz,Widdall,bwiddallcm@artisteer.com,Podcat,10/26/2023,11:07 AM,,,6,3/15/2024,morbi,Online
Aurilia,Tomlinson,atomlinsoncn@desdev.cn,Wikizz,7/30/2023,4:15 AM,,976-154-9215,4,12/20/2023,sit,Online
Jesus,Herrema,jherremaco@vk.com,Pixope,5/14/2024,2:45 PM,,504-264-8459,12,12/29/2023,blandit,Online
,Edwins,tedwinscp@diigo.com,Omba,10/27/2023,8:01 AM,,339-385-1150,16,2/21/2024,in,Online
Dallon,MacEntee,dmacenteecq@dailymail.co.uk,Digitube,5/10/2024,2:54 PM,,,13,6/10/2024,quam,Online
Kenny,Videneev,kvideneevcr@g.co,Skaboo,7/6/2023,1:04 PM,,567-830-4081,20,11/19/2023,diam,Online
Camella,Teideman,cteidemancs@people.com.cn,Cogilith,10/10/2023,2:10 PM,,516-841-8378,10,6/19/2024,in,Online
Riannon,Dameisele,rdameiselect@mozilla.com,Tagtune,9/28/2023,4:36 PM,,425-765-6739,16,8/2/2023,at,Online
Roxy,Boulden,,Yozio,5/12/2024,1:42 PM,,683-486-6669,4,5/25/2024,at,Online
Elaina,Gethings,egethingscv@addthis.com,Devify,6/21/2024,8:43 PM,,,6,2/1/2024,suspendisse,Online
Pat,Mendez,pmendezcw@exblog.jp,Twitterbridge,9/29/2023,1:36 PM,,,20,10/8/2023,adipiscing,Online
Lorna,Hembrow,lhembrowcx@bloglines.com,Zava,6/14/2024,10:57 PM,,,16,5/11/2024,ipsum,Online
York,,,Oozz,2/2/2024,12:23 AM,,269-858-4737,10,3/25/2024,duis,Online
Virgil,,vbathersbycz@reuters.com,Brainsphere,3/13/2024,11:19 AM,,995-991-9111,19,6/14/2024,phasellus,Online
Yorke,Grimley,ygrimleyd0@home.pl,Rooxo,6/18/2024,5:03 PM,,,7,2/12/2024,at,Online
Rosalynd,Baudinot,,Flipbug,3/13/2024,6:27 AM,,559-650-6103,5,1/30/2024,fermentum,Online
Krispin,Denacamp,kdenacampd2@newyorker.com,Realcube,2/24/2024,1:52 PM,,,7,1/5/2024,elit,Online
Shaw,Keddy,skeddyd3@over-blog.com,Thoughtblab,5/5/2024,8:59 AM,,,1,9/7/2023,phasellus,Online
Meghan,Dimock,mdimockd4@salon.com,Topiclounge,6/15/2024,2:34 PM,,909-971-1892,8,4/9/2024,ut,Online
Corey,Ragsdall,cragsdalld5@google.com.br,Feedspan,4/1/2024,5:51 AM,,327-783-0592,6,2/3/2024,venenatis,Online
Coretta,,cgazed6@spiegel.de,Meembee,8/12/2023,8:07 AM,,591-817-7000,5,7/22/2023,iaculis,Online
Delila,Struttman,dstruttmand7@pagesperso-orange.fr,Lazzy,9/27/2023,11:23 AM,,299-864-4456,9,11/1/2023,erat,Online
Sonny,Surman-Wells,ssurmanwellsd8@google.com.br,Youbridge,6/5/2024,2:47 PM,,811-982-3630,9,7/14/2023,dolor,Online
Corbett,Doick,cdoickd9@google.co.jp,Mybuzz,1/17/2024,10:39 PM,,,16,6/23/2024,sollicitudin,Online
Frasco,Sutheran,fsutheranda@patch.com,Oyonder,11/6/2023,11:52 PM,,633-163-0834,4,3/22/2024,fusce,Online
Milka,Petren,,Twinder,6/19/2024,1:12 PM,vivamus vestibulum sagittis sapien cum sociis natoque penatibus et magnis dis,690-586-6267,11,3/16/2024,nunc,Online
Richmound,,rbolandc@hostgator.com,Tekfly,5/13/2024,1:56 PM,,333-277-1724,4,6/19/2024,erat,Online
Svend,Stoneham,,Devshare,12/22/2023,8:59 PM,,809-171-7692,17,3/6/2024,nulla,Online
Dulcy,Records,drecordsde@theguardian.com,Meevee,12/28/2023,7:00 AM,,,19,1/15/2024,nibh,Online
Fernandina,Rosenblad,frosenbladdf@qq.com,Meevee,9/12/2023,8:42 AM,lacus purus aliquet at feugiat non pretium quis lectus suspendisse potenti in eleifend quam a odio,282-915-6886,2,5/7/2024,diam,Online
Jules,Parell,jparelldg@hatena.ne.jp,Youtags,11/2/2023,7:57 PM,,776-549-2390,12,10/14/2023,nisl,Online
Gav,Le Breton De La Vieuville,glebretondelavieuvilledh@google.fr,Mymm,2/12/2024,5:20 PM,,361-197-8485,17,5/26/2024,morbi,Online
Dwain,Trevor,dtrevordi@paypal.com,Meeveo,8/1/2023,9:56 AM,,295-370-3365,3,8/28/2023,vulputate,Online
Adaline,Pitkaithly,,Youspan,12/18/2023,5:27 PM,,183-390-6298,2,7/27/2023,tempus,Online
West,Bawden,,Topicstorm,7/9/2023,12:27 AM,,553-230-2020,12,9/12/2023,turpis,Online
Jamie,,jstanilanddl@simplemachines.org,Eabox,5/31/2024,1:22 AM,,491-496-7617,9,12/5/2023,sapien,Online
Isabelita,Juden,ijudendm@berkeley.edu,Oozz,7/17/2023,9:21 AM,,454-365-5662,19,3/4/2024,in,Online
Fawne,Eixenberger,feixenbergerdn@t-online.de,Yambee,5/10/2024,12:30 AM,,832-508-0641,10,4/21/2024,eleifend,Online
Karlotta,Elsy,kelsydo@amazon.de,Demizz,9/24/2023,8:34 AM,,130-247-6039,10,10/13/2023,lobortis,Online
Case,Hairs,,Youbridge,1/29/2024,4:17 PM,,182-365-3761,9,10/7/2023,nisi,Online
Lark,Roberti,lrobertidq@bloomberg.com,Vimbo,6/2/2024,8:09 AM,,463-111-1872,2,7/18/2023,aenean,Online
Nanete,Lavigne,nlavignedr@paypal.com,Rhyloo,6/9/2024,12:21 PM,,165-704-1917,20,12/26/2023,turpis,Online
Annaliese,Flexman,aflexmands@samsung.com,Meemm,7/23/2023,8:58 AM,,465-849-3280,9,9/13/2023,metus,Online
,Pagan,gpagandt@wikia.com,Realmix,3/31/2024,3:19 AM,,432-936-4147,8,1/30/2024,quam,Online
Gardner,,,Ainyx,11/30/2023,3:02 PM,,749-955-3210,3,6/5/2024,ultrices,Online
Rafaello,O'Shields,roshieldsdv@chicagotribune.com,Realbuzz,4/9/2024,7:51 AM,,699-904-5589,11,10/10/2023,curae,Online
Alessandro,Mace,amacedw@kickstarter.com,BlogXS,2/28/2024,10:01 PM,,930-454-1019,10,7/29/2023,magna,Online
Katharine,Conford,kconforddx@is.gd,Shuffletag,5/6/2024,9:45 AM,,455-363-0926,3,1/5/2024,non,Online
Cleopatra,Endrizzi,cendrizzidy@amazon.co.jp,Dabjam,8/9/2023,2:15 AM,,230-555-2961,8,7/24/2023,et,Online
Bartlet,Ciobotaru,bciobotarudz@privacy.gov.au,Lajo,2/2/2024,8:43 AM,,692-884-9675,5,12/9/2023,neque,Online
Martainn,Shapland,mshaplande0@comcast.net,Tagcat,2/25/2024,5:59 AM,,,17,11/30/2023,quis,Online
,Daintrey,fdaintreye1@cocolog-nifty.com,Centidel,3/1/2024,4:40 PM,,,1,2/3/2024,suspendisse,Online
Shanie,Manns,smannse2@aboutads.info,Yodo,6/2/2024,10:09 AM,,189-341-7724,16,11/3/2023,a,Online
Karyl,Gosz,,Buzzster,10/26/2023,8:57 AM,,,20,7/2/2023,fusce,Online
,Maxwell,emaxwelle4@google.com.hk,Jabbersphere,2/13/2024,8:16 PM,,,3,1/6/2024,risus,Online
Renate,Benedikt,rbenedikte5@google.com,Realblab,10/14/2023,7:58 PM,,184-207-2229,8,12/27/2023,consequat,Online
Ernest,Wassell,ewasselle6@omniture.com,Linkbuzz,1/21/2024,9:09 AM,,248-722-8738,18,2/5/2024,mauris,Online
,Reace,areacee7@geocities.com,Eidel,5/25/2024,6:06 AM,,416-102-6318,12,9/29/2023,a,Online
Lucas,,,Ntag,7/1/2023,3:20 PM,,797-227-3184,18,5/9/2024,quam,Online
,Allington,lallingtone9@soundcloud.com,Youbridge,2/24/2024,8:03 AM,,105-253-2851,19,4/28/2024,in,Online
Tobey,,twythillea@4shared.com,Fanoodle,10/20/2023,12:41 PM,,668-262-5677,4,8/29/2023,at,Online
Dorri,Pendrigh,dpendrigheb@ow.ly,Twinte,1/17/2024,6:17 PM,,685-995-9453,15,12/22/2023,pellentesque,Online
Beltran,Chiplen,bchiplenec@artisteer.com,Vidoo,6/16/2024,1:04 PM,,416-594-6728,3,8/22/2023,duis,Online
Saxe,,smedewayed@narod.ru,Roombo,10/10/2023,4:21 AM,,,16,3/10/2024,varius,Online
Marlie,Cownden,mcowndenee@icio.us,Lazz,5/22/2024,5:10 PM,,,8,8/28/2023,pellentesque,Online
Wendie,Fydoe,,Dazzlesphere,12/24/2023,9:08 AM,,527-570-7291,6,11/15/2023,quam,Online
Marwin,Le Provest,mleprovesteg@pcworld.com,Talane,4/8/2024,10:42 PM,,984-268-3083,3,12/29/2023,ipsum,Online
Lilah,Marquese,,Mydeo,10/3/2023,10:33 AM,,812-651-1935,8,1/16/2024,orci,Online
Perren,Cessford,,Browseblab,10/5/2023,9:40 AM,,754-359-3975,14,7/12/2023,id,Online
Frederique,Stoile,fstoileej@sakura.ne.jp,Skinder,8/26/2023,3:39 PM,,834-688-3439,1,8/11/2023,lacus,Online
Lanae,Garza,,Zoomcast,4/26/2024,9:59 PM,,359-426-9038,14,4/2/2024,auctor,Online
Marcela,MacInnes,mmacinnesel@vimeo.com,Devcast,10/21/2023,7:32 AM,morbi non lectus aliquam sit amet diam in magna bibendum imperdiet nullam,,1,7/30/2023,sapien,Online
,,earundaleem@illinois.edu,Dabfeed,11/7/2023,1:49 PM,,408-631-2057,5,4/11/2024,at,Online
Gianina,Babbidge,gbabbidgeen@fc2.com,Photobean,4/13/2024,7:19 PM,,919-427-2567,6,6/9/2024,justo,Online
Hurlee,Shawyers,hshawyerseo@pagesperso-orange.fr,Jaxnation,9/18/2023,8:34 AM,,443-519-9824,18,4/27/2024,massa,Online
Benetta,Langlands,blanglandsep@vkontakte.ru,Voonix,6/3/2024,12:42 AM,,339-822-9940,3,11/21/2023,eget,Online
Shermy,Hadden,shaddeneq@intel.com,Blogtags,11/14/2023,1:00 PM,,437-147-0467,18,5/15/2024,consequat,Online
Florella,Crichten,fcrichtener@state.tx.us,Podcat,8/28/2023,8:39 PM,,,16,4/25/2024,dolor,Online
Minni,Stredder,mstredderes@diigo.com,Trilith,10/21/2023,12:16 AM,,331-991-1807,10,3/5/2024,orci,Online
Harrie,Housen,hhousenet@bloglines.com,Zooveo,9/14/2023,11:26 AM,,,19,2/5/2024,tincidunt,Online
Sabina,Deeney,sdeeneyeu@pagesperso-orange.fr,Brainlounge,1/22/2024,6:34 PM,,432-239-8009,5,5/14/2024,erat,Online
Christophorus,,cstirzakerev@home.pl,Jabberstorm,5/4/2024,3:12 AM,,457-230-4236,20,1/8/2024,magna,Online
Syman,Ivashkin,sivashkinew@desdev.cn,Topicstorm,3/14/2024,7:43 PM,,,2,5/26/2024,aliquam,Online
Wini,Rodders,wroddersex@over-blog.com,Centimia,8/15/2023,11:35 AM,,,20,7/1/2023,eu,Online
Clayborne,Adamovich,cadamovichey@cisco.com,Midel,2/16/2024,6:22 PM,,455-975-6764,1,3/19/2024,convallis,Online
Sabina,Wiggins,,Janyx,8/18/2023,3:00 AM,,,17,1/28/2024,tortor,Online
Rozina,Antuoni,,Tazz,5/30/2024,11:32 AM,,128-704-4605,5,10/22/2023,augue,Online
Evvie,Hedden,,Snaptags,12/19/2023,7:53 PM,,,10,2/2/2024,at,Online
Ezekiel,Ramsdell,eramsdellf2@parallels.com,Meedoo,8/27/2023,3:40 AM,,878-572-2843,2,11/12/2023,posuere,Online
Fabe,Denge,fdengef3@dot.gov,Oyonder,6/4/2024,3:15 PM,,,13,12/28/2023,donec,Online
Charyl,Pleavin,,Ailane,1/28/2024,7:55 AM,,614-562-9035,5,4/19/2024,lobortis,Online
Jessalyn,Buscombe,jbuscombef5@utexas.edu,Plambee,11/3/2023,4:03 PM,neque libero convallis eget eleifend luctus ultricies eu nibh quisque,869-466-1490,14,6/27/2024,id,Online
Alane,Logsdale,alogsdalef6@printfriendly.com,Babbleblab,9/23/2023,1:42 AM,,781-174-0217,11,8/15/2023,ipsum,Online
,Ilewicz,ailewiczf7@intel.com,Twitternation,5/20/2024,3:54 AM,,883-917-7297,11,3/13/2024,blandit,Online
Kennith,Carlozzi,kcarlozzif8@opera.com,Vitz,5/17/2024,12:56 PM,,196-307-0471,8,5/10/2024,venenatis,Online
Huntington,Sambals,,Bubblebox,12/2/2023,11:45 PM,,,19,10/18/2023,hac,Online
Riannon,Tysack,rtysackfa@addthis.com,Jayo,10/18/2023,11:07 PM,,537-123-4691,16,10/12/2023,magnis,Online
Izzy,,ifenderfb@nyu.edu,Zooxo,1/25/2024,6:54 AM,nam dui proin leo odio porttitor id consequat in consequat ut nulla,,15,7/3/2023,mauris,Online
,Brisland,tbrislandfc@weebly.com,Oba,9/6/2023,6:34 AM,,,12,5/25/2024,non,Online
Cynthie,,,Nlounge,6/29/2023,6:16 AM,,761-328-6384,14,4/2/2024,risus,Online
Gino,Medgewick,,Skaboo,11/1/2023,7:15 AM,,381-986-0181,3,12/21/2023,amet,Online
Koren,Antyukhin,kantyukhinff@gmpg.org,Eabox,11/20/2023,9:25 AM,,183-564-1633,6,9/25/2023,magna,Online
Morton,Searles,msearlesfg@posterous.com,Blognation,9/21/2023,8:46 AM,,882-964-3248,1,10/11/2023,felis,Online
Barton,Heavy,bheavyfh@delicious.com,Lazzy,7/3/2023,10:02 PM,,801-789-9874,1,3/5/2024,aenean,Online
Melly,Matantsev,mmatantsevfi@princeton.edu,Innotype,3/23/2024,7:21 PM,,286-895-0904,15,9/27/2023,etiam,Online
Siusan,Ogilby,sogilbyfj@forbes.com,Riffpedia,12/29/2023,6:12 PM,,,17,10/14/2023,elementum,Online
Farrah,Alonso,falonsofk@hc360.com,InnoZ,3/24/2024,8:52 PM,,127-344-9418,7,1/1/2024,et,Online
Mile,Byron,mbyronfl@spotify.com,Zoomcast,4/14/2024,9:52 AM,,991-108-2236,12,3/22/2024,auctor,Online
Wandis,Stuttard,wstuttardfm@shutterfly.com,Skidoo,9/16/2023,11:27 PM,,435-658-7495,10,4/13/2024,orci,Online
Heidi,Cappell,hcappellfn@examiner.com,Wikibox,11/21/2023,8:36 AM,,,20,8/26/2023,sit,Online
,Dayer,bdayerfo@fastcompany.com,Feedfire,2/23/2024,6:05 AM,,237-431-5133,20,10/14/2023,nisi,Online
Bette,Maber,bmaberfp@photobucket.com,Rhycero,8/27/2023,11:29 PM,,102-719-4986,20,11/4/2023,et,Online
Marjorie,Cashen,mcashenfq@epa.gov,Cogibox,11/30/2023,11:28 PM,,407-438-3549,9,6/27/2024,in,Online
Alena,Kondratovich,akondratovichfr@cnet.com,Skipfire,9/15/2023,11:05 AM,,130-929-5906,14,8/31/2023,donec,Online
Cole,Hutchens,chutchensfs@scientificamerican.com,Brainsphere,10/11/2023,9:30 PM,,737-626-8020,10,5/8/2024,erat,Online
Ruperta,Nials,rnialsft@un.org,Realblab,7/12/2023,2:24 AM,,722-567-4902,12,5/30/2024,bibendum,Online
Jarret,Fydo,jfydofu@taobao.com,Realfire,1/8/2024,4:43 AM,,187-615-3908,11,2/18/2024,lacus,Online
,Pietrowicz,,Oba,1/8/2024,7:18 AM,in faucibus orci luctus et ultrices posuere cubilia curae donec pharetra magna vestibulum aliquet ultrices erat tortor sollicitudin,855-557-0468,20,6/14/2024,mus,Online
Quincey,Fransoni,qfransonifw@kickstarter.com,Yadel,2/17/2024,3:18 PM,,727-212-8599,12,3/26/2024,sapien,Online
Dierdre,,dpinnigarfx@constantcontact.com,Innotype,4/26/2024,7:00 PM,,,13,1/6/2024,aliquet,Online
Darleen,Olver,dolverfy@cnn.com,Devpulse,4/23/2024,5:04 PM,,702-929-9686,20,2/28/2024,risus,Online
Harmony,Measures,,Trupe,8/15/2023,10:57 PM,,922-621-3554,2,4/30/2024,consequat,Online
Rita,Dando,rdandog0@spotify.com,Zoomzone,1/10/2024,2:32 PM,,,18,10/27/2023,cursus,Online
Alister,Simoes,asimoesg1@cbc.ca,Vimbo,1/9/2024,8:58 AM,,598-897-6863,9,11/29/2023,nulla,Online
Nanny,Sheach,,Skibox,6/30/2023,9:08 PM,,299-615-0350,9,10/19/2023,sodales,Online
Phyllida,,ploudyang3@wisc.edu,Jayo,3/9/2024,1:38 AM,,468-168-8635,13,8/18/2023,interdum,Online
Weylin,Parysiak,wparysiakg4@google.cn,Centimia,11/23/2023,11:52 PM,,216-937-5467,14,2/23/2024,nulla,Online
Fancy,Eason,feasong5@ovh.net,Topicblab,10/1/2023,6:39 PM,,701-278-9084,18,4/28/2024,urna,Online
Husein,Rowbrey,hrowbreyg6@gov.uk,Ntags,6/13/2024,4:48 PM,,,11,11/2/2023,sit,Online
Arabel,Charville,acharvilleg7@aboutads.info,Edgepulse,5/20/2024,11:33 PM,,972-330-5327,7,8/14/2023,amet,Online
Dania,Fibbitts,dfibbittsg8@harvard.edu,Dynazzy,10/3/2023,6:23 PM,,913-492-1100,5,5/27/2024,nulla,Online
Charyl,Packman,cpackmang9@shop-pro.jp,Ailane,9/6/2023,8:02 PM,,201-215-0763,11,10/5/2023,nulla,Online
Valerye,Fuentes,vfuentesga@yolasite.com,Thoughtmix,3/9/2024,3:05 PM,,989-561-1159,3,7/5/2023,justo,Online
Rakel,Bilofsky,,Shuffletag,10/30/2023,11:23 AM,,211-331-7304,17,2/24/2024,sollicitudin,Online
,Bancroft,pbancroftgc@lycos.com,Zoozzy,8/10/2023,4:56 PM,,216-433-0787,19,7/26/2023,non,Online
,Hawkey,lhawkeygd@google.com.br,Buzzbean,3/26/2024,10:00 AM,,243-673-3673,2,9/10/2023,primis,Online
Carry,Carme,ccarmege@icq.com,Topdrive,10/28/2023,5:41 AM,,133-292-5892,5,2/26/2024,sapien,Online
Shepherd,Cansfield,scansfieldgf@indiegogo.com,Photojam,12/10/2023,3:35 PM,,154-518-4598,19,4/23/2024,in,Online
Humbert,Denisovo,,Jaxbean,12/22/2023,4:53 AM,,731-572-7387,5,8/25/2023,aliquam,Online
Christie,Bassom,cbassomgh@furl.net,Meedoo,11/4/2023,11:14 PM,,647-402-3447,5,7/24/2023,pretium,Online
Matilde,MacCartan,mmaccartangi@state.tx.us,Demivee,3/7/2024,6:52 PM,,,2,2/12/2024,turpis,Online
Urbanus,,umalingj@scribd.com,Aivee,11/17/2023,10:18 PM,,953-141-4588,16,9/6/2023,tincidunt,Online
Adena,Gives,agivesgk@ibm.com,Photolist,6/21/2024,12:29 PM,,,13,2/26/2024,turpis,Online
Terra,Minette,,Realcube,4/18/2024,9:52 AM,,548-344-6105,10,6/6/2024,augue,Online
Marysa,Amberson,mambersongm@addtoany.com,Voomm,7/2/2023,5:15 PM,,209-739-0957,17,4/17/2024,scelerisque,Online
Crystie,Beattie,cbeattiegn@bandcamp.com,Youspan,4/21/2024,10:38 AM,,,9,7/27/2023,luctus,Online
Katusha,Garlett,kgarlettgo@jugem.jp,Avamm,5/16/2024,3:23 PM,,787-836-1793,11,1/19/2024,sapien,Online
,Gun,mgungp@utexas.edu,Linkbuzz,8/22/2023,5:06 PM,,346-152-9600,20,8/27/2023,libero,Online
Sim,,shanlingq@friendfeed.com,Skimia,4/20/2024,1:56 PM,,798-660-5689,10,2/9/2024,dapibus,Online
Robbie,Arnell,rarnellgr@fastcompany.com,Yodel,8/2/2023,3:10 AM,,,13,5/24/2024,leo,Online
Olwen,Rheam,orheamgs@xrea.com,Oyonder,9/16/2023,12:41 PM,,111-725-9614,5,12/5/2023,leo,Online
Darda,MacMenemy,dmacmenemygt@blogs.com,Kamba,8/31/2023,10:06 PM,,,12,3/25/2024,in,Online
,Pyper,epypergu@noaa.gov,Tazzy,9/13/2023,10:43 PM,,807-580-4613,17,11/3/2023,nisl,Online
Ailyn,Matyatin,amatyatingv@aboutads.info,Photobean,8/11/2023,7:11 AM,,,2,12/6/2023,nulla,Online
Shirlee,,srenyardgw@google.com.br,Gabcube,2/22/2024,3:29 PM,,,7,8/25/2023,elit,Online
,Alasdair,ralasdairgx@goo.gl,Flashspan,10/21/2023,7:49 PM,,172-650-2684,5,6/7/2024,at,Online
June,Bontine,,Dynabox,8/22/2023,9:54 PM,,537-358-0043,1,11/14/2023,leo,Online
Calley,Headon,cheadongz@networksolutions.com,Voonder,8/22/2023,3:32 PM,,781-685-4234,3,11/30/2023,eget,Online
Pattie,Sute,psuteh0@businessweek.com,Wikido,12/19/2023,9:08 AM,,869-388-2643,5,6/1/2024,donec,Online
Conroy,Evenett,,Katz,6/20/2024,4:35 AM,,,5,3/7/2024,ultrices,Online
Valenka,Behning,vbehningh2@so-net.ne.jp,Yodo,5/26/2024,9:25 PM,,976-622-8331,20,3/9/2024,duis,Online
Tiffany,Mitchelmore,tmitchelmoreh3@google.com.au,Realcube,9/6/2023,10:08 PM,,281-449-6415,19,9/2/2023,vivamus,Online
Brigid,Takle,btakleh4@house.gov,Minyx,12/24/2023,8:14 PM,,525-663-0653,11,2/14/2024,potenti,Online
Quint,Lardiner,qlardinerh5@apple.com,Brightbean,7/24/2023,4:57 PM,,166-572-0772,9,9/9/2023,ipsum,Online
Eydie,Sokale,esokaleh6@ning.com,Eare,7/18/2023,2:19 PM,,315-370-9522,2,2/20/2024,sapien,Online
Dell,Davidman,ddavidmanh7@patch.com,Mydo,12/3/2023,2:54 AM,,995-327-7346,11,9/17/2023,lacinia,Online
Vera,Hunstone,vhunstoneh8@amazon.co.uk,Minyx,6/23/2024,2:55 AM,,105-415-1862,10,10/22/2023,orci,Online
Wendeline,Partrick,wpartrickh9@sciencedaily.com,Dabvine,6/19/2024,11:54 AM,,185-436-5449,20,9/24/2023,id,Online
Keary,Sterman,kstermanha@foxnews.com,Realblab,4/4/2024,9:59 PM,,465-921-3613,7,7/16/2023,pulvinar,Online
Montgomery,Hanse,mhansehb@ft.com,Meemm,11/30/2023,1:14 AM,,588-216-0071,2,2/6/2024,est,Online
Jyoti,,,Leexo,5/25/2024,11:28 AM,,237-574-2237,11,10/3/2023,rutrum,Online
Filmore,Shea,fsheahd@ft.com,Mynte,4/27/2024,6:17 PM,,982-115-4548,7,8/23/2023,ultrices,Online
Selia,Craighead,scraigheadhe@cargocollective.com,Buzzster,5/9/2024,4:06 AM,,336-884-6139,5,9/29/2023,feugiat,Online
,Durante,mdurantehf@purevolume.com,Einti,6/22/2024,2:07 PM,,174-148-3699,4,1/14/2024,nulla,Online
Jodi,Philipeau,jphilipeauhg@bizjournals.com,Linkbuzz,6/3/2024,9:54 AM,,921-698-3353,19,8/9/2023,primis,Online
Carling,Brydie,cbrydiehh@rakuten.co.jp,Gabtype,12/12/2023,2:52 AM,,,17,10/9/2023,rutrum,Online
Aarika,Ruste,arustehi@nhs.uk,Cogidoo,4/24/2024,11:09 AM,,,12,7/8/2023,magna,Online
Ciel,Ramas,cramashj@rambler.ru,Youfeed,11/22/2023,4:37 PM,,,18,3/3/2024,at,Online
Wren,Kubec,,Zava,5/23/2024,3:00 AM,,,4,11/26/2023,vel,Online
Aguste,Archibold,aarchiboldhl@cocolog-nifty.com,Zoovu,2/29/2024,1:58 PM,,378-401-3737,16,10/31/2023,consequat,Online
Thatcher,Clague,tclaguehm@a8.net,Youspan,8/6/2023,5:31 AM,,,14,4/4/2024,ac,Online
Louisette,MacGuffie,,Dynabox,8/26/2023,5:54 AM,,283-150-8048,7,6/21/2024,magnis,Online
Myca,Tacon,,Meezzy,3/26/2024,6:22 AM,,,9,1/11/2024,sit,Online
Eben,O'Carran,eocarranhp@psu.edu,Oyondu,7/2/2023,7:07 PM,,,9,12/27/2023,volutpat,Online
Bennie,Ogelbe,bogelbehq@cpanel.net,Camimbo,5/11/2024,10:44 PM,,793-131-6478,3,8/4/2023,phasellus,Online
,Willingale,ewillingalehr@creativecommons.org,Gigashots,12/22/2023,3:52 AM,,429-880-5813,9,4/11/2024,potenti,Online
,Nussen,,DabZ,11/18/2023,5:51 AM,,613-568-0408,17,4/24/2024,egestas,Online
Daria,Kensit,dkensitht@hexun.com,Rhycero,12/29/2023,10:40 PM,,220-924-7917,2,3/28/2024,sodales,Online
Beaufort,Hullah,,Feedbug,5/18/2024,6:04 AM,,,20,4/25/2024,vel,Online
Rina,Kilgallon,rkilgallonhv@un.org,Gabtype,8/18/2023,10:18 PM,,,15,7/29/2023,mattis,Online
Merralee,Lattin,mlattinhw@hao123.com,Babbleopia,11/1/2023,6:31 AM,,736-962-9441,15,3/30/2024,in,Online
Jena,Simmen,jsimmenhx@ow.ly,Tazz,9/8/2023,9:51 AM,,,11,1/8/2024,blandit,Online
Danna,,,Twinder,7/25/2023,11:52 PM,,223-436-7981,10,1/4/2024,consequat,Online
Muffin,Ridder,mridderhz@weather.com,Divanoodle,10/2/2023,8:54 PM,,,8,7/10/2023,amet,Online
Lionel,Owens,lowensi0@ow.ly,Divavu,7/4/2023,3:06 AM,,816-741-8712,4,2/12/2024,sit,Online
Sammy,Hamerton,,Zoomdog,6/15/2024,9:24 PM,,,14,7/10/2023,integer,Online
,Stopforth,pstopforthi2@usgs.gov,Eidel,4/9/2024,5:25 AM,,,3,12/25/2023,est,Online
Fanya,Gyse,fgysei3@networksolutions.com,Livepath,4/7/2024,4:18 PM,,173-605-2185,19,6/7/2024,eu,Online
Davey,Eastam,deastami4@imdb.com,Topiczoom,9/15/2023,11:18 AM,,,1,2/14/2024,vel,Online
,Ossenna,cossennai5@bandcamp.com,Yamia,1/14/2024,9:13 PM,,439-727-2923,20,1/18/2024,elit,Online
Maynord,Spores,msporesi6@webnode.com,Skyvu,1/21/2024,1:10 PM,,,20,3/3/2024,platea,Online
Brigg,Orpwood,borpwoodi7@msu.edu,Skipstorm,1/4/2024,2:10 AM,,,6,10/7/2023,eleifend,Online
Trenna,Bulteel,tbulteeli8@sbwire.com,Flashpoint,6/8/2024,8:01 AM,,952-122-2055,15,1/30/2024,sem,Online
Fanny,Oven,,Livetube,2/15/2024,5:57 PM,,960-275-2014,11,11/26/2023,lobortis,Online
Gallagher,Spyer,gspyeria@webmd.com,Topiczoom,1/6/2024,7:11 PM,,,9,10/4/2023,metus,Online
Fina,Grassin,fgrassinib@google.es,Aimbu,4/7/2024,2:05 PM,,,17,5/23/2024,facilisi,Online
Rosa,Stoak,rstoakic@ezinearticles.com,Meemm,7/4/2023,12:05 AM,,620-164-8055,18,2/29/2024,varius,Online
Abram,Gyrgorwicx,agyrgorwicxid@jigsy.com,Feedfish,6/2/2024,6:50 PM,,881-769-6045,6,2/8/2024,erat,Online
William,Martignon,wmartignonie@admin.ch,Skipstorm,12/4/2023,3:20 PM,,,16,10/9/2023,platea,Online
Franzen,Shah,fshahif@slashdot.org,Centizu,6/14/2024,12:34 AM,,854-264-4024,13,4/13/2024,maecenas,Online
Al,Heskin,aheskinig@i2i.jp,Voonder,9/8/2023,12:46 AM,,690-679-8988,11,9/11/2023,eget,Online
Roselin,McGreary,rmcgrearyih@state.tx.us,Trudeo,4/26/2024,5:19 PM,,,15,9/22/2023,dui,Online
Rory,Franzel,rfranzelii@blogger.com,Jamia,5/4/2024,7:05 AM,,583-191-8030,9,11/18/2023,sit,Online
Marshal,Loudwell,,Skaboo,11/20/2023,12:39 PM,,358-586-2884,18,9/30/2023,augue,Online
Hyacinthia,Henrion,hhenrionik@tripadvisor.com,Ozu,6/2/2024,9:47 PM,,904-249-2971,11,8/13/2023,vel,Online
Reggy,Chatel,rchatelil@chicagotribune.com,Reallinks,3/29/2024,2:40 PM,,,10,3/26/2024,at,Online
Maryjane,Tythacott,mtythacottim@ftc.gov,Photobean,6/21/2024,11:31 PM,,682-145-1632,4,9/3/2023,et,Online
Mina,Wolton,mwoltonin@behance.net,Aimbo,11/1/2023,5:49 AM,,702-541-7020,15,7/15/2023,habitasse,Online
Korney,Filgate,kfilgateio@pinterest.com,Demizz,5/9/2024,5:09 AM,,,5,8/12/2023,nunc,Online
,Lesley,blesleyip@booking.com,Wordpedia,8/1/2023,11:30 AM,,721-694-4297,13,1/10/2024,justo,Online
Mortimer,Chape,mchapeiq@java.com,Blogspan,11/2/2023,5:46 AM,libero non mattis pulvinar nulla pede ullamcorper augue a suscipit,581-370-3647,16,8/14/2023,blandit,Online
Des,Cowpertwait,dcowpertwaitir@deviantart.com,Kaymbo,1/17/2024,11:00 PM,,195-590-0208,13,4/21/2024,est,Online
Wilbert,Tinghill,,Eayo,1/6/2024,3:28 PM,,583-485-9915,13,6/19/2024,tempor,Online
Rudie,,raplinit@cmu.edu,Riffpedia,10/3/2023,4:17 AM,,291-643-0982,7,3/7/2024,erat,Online
Jackson,Lutty,jluttyiu@go.com,Linkbuzz,3/10/2024,10:39 PM,,,6,4/21/2024,bibendum,Online
Rockwell,Moyler,rmoyleriv@parallels.com,Livefish,1/23/2024,3:57 AM,,,16,2/26/2024,iaculis,Online
,Rist,vristiw@netscape.com,Ntags,12/25/2023,7:28 AM,,423-712-9407,10,2/26/2024,primis,Online
Abran,Mottley,amottleyix@nature.com,Zoovu,11/24/2023,3:29 PM,,543-179-8047,17,4/10/2024,vestibulum,Online
Germaine,Forsdike,gforsdikeiy@i2i.jp,Blogtag,5/29/2024,11:10 PM,,,9,5/12/2024,ligula,Online
Randi,Berntssen,rberntsseniz@time.com,Kare,12/18/2023,12:20 PM,,556-110-6174,11,8/7/2023,lorem,Online
Ogdan,,opembryj0@sohu.com,Ozu,1/18/2024,10:34 PM,,776-970-9512,2,3/5/2024,molestie,Online
Xymenes,Bolitho,xbolithoj1@example.com,Jabbersphere,12/21/2023,3:11 PM,,306-528-1346,10,10/20/2023,semper,Online
Afton,Stannett,,Divape,2/1/2024,7:13 AM,,408-304-2084,15,11/25/2023,vitae,Online
,Blayd,lblaydj3@yellowbook.com,Gigaclub,4/18/2024,1:00 PM,,287-484-3335,13,2/1/2024,justo,Online
Georgie,Godehard.sf,,Browseblab,9/6/2023,6:46 AM,,572-163-5675,20,8/1/2023,ridiculus,Online
Baxy,,btrustyj5@biblegateway.com,Zoomzone,9/13/2023,3:31 PM,,544-186-3238,19,4/12/2024,amet,Online
Irv,Goscomb,igoscombj6@addthis.com,Brainlounge,6/10/2024,3:35 AM,,341-549-3744,18,3/16/2024,metus,Online
Werner,Raubenheim,wraubenheimj7@newyorker.com,Topiclounge,10/25/2023,10:51 PM,,217-424-3204,3,1/24/2024,pellentesque,Online
Jany,Chesterfield,jchesterfieldj8@friendfeed.com,Voonix,4/24/2024,2:27 PM,,491-176-7786,14,6/15/2024,mattis,Online
Lynnea,Potteridge,lpotteridgej9@berkeley.edu,Meezzy,3/14/2024,2:22 PM,,201-540-3160,7,7/1/2023,amet,Online
Thomasine,,tmaywardja@plala.or.jp,Plambee,11/23/2023,1:14 PM,,522-213-1770,3,10/21/2023,tempor,Online
,Balsillie,kbalsilliejb@pinterest.com,Jabberbean,9/11/2023,9:56 PM,,447-979-3642,1,10/2/2023,habitasse,Online
Loella,Milverton,lmilvertonjc@blogtalkradio.com,Flashset,2/14/2024,5:40 PM,,456-764-3556,13,4/7/2024,non,Online
Allie,Danilishin,adanilishinjd@marriott.com,Teklist,5/5/2024,4:04 AM,,305-368-5780,5,6/7/2024,morbi,Online
,,bguynemerje@army.mil,Eimbee,10/30/2023,3:40 AM,,228-960-6471,13,3/21/2024,mi,Online
Elsa,Littrick,elittrickjf@cdc.gov,Quinu,12/26/2023,5:30 PM,,241-787-6095,15,11/25/2023,nunc,Online
Gretchen,Thorius,gthoriusjg@google.co.uk,BlogXS,9/29/2023,10:37 PM,,943-486-7665,15,2/10/2024,tempor,Online
Clarine,Legges,cleggesjh@cornell.edu,Voonder,2/12/2024,1:18 AM,,,11,1/27/2024,vivamus,Online
Reid,Augur,raugurji@bloglovin.com,Oyope,4/4/2024,2:23 AM,nunc purus phasellus in felis donec semper sapien a libero nam dui proin,367-275-3591,13,12/28/2023,vehicula,Online
Geraldine,Leslie,glesliejj@nih.gov,Wikivu,2/23/2024,10:11 AM,,,2,5/22/2024,in,Online
Lynn,Iacovuzzi,liacovuzzijk@netlog.com,Babbleset,12/10/2023,10:13 AM,,497-916-8442,8,3/9/2024,pede,Online
Adria,Dovey,adoveyjl@dion.ne.jp,Fliptune,2/27/2024,12:02 AM,,198-618-7618,18,8/15/2023,convallis,Online
Adrian,Degoix,adegoixjm@google.cn,Youfeed,9/12/2023,4:03 PM,,714-324-2298,13,2/16/2024,morbi,Online
Karl,Rackstraw,krackstrawjn@1688.com,Wordify,1/27/2024,7:29 PM,,818-673-9980,18,11/8/2023,leo,Online
Carma,,chogginjo@prnewswire.com,Topicshots,10/13/2023,12:20 PM,,558-290-2526,19,12/4/2023,ante,Online
,Dedenham,vdedenhamjp@senate.gov,Aivee,3/20/2024,11:22 PM,,605-161-4727,9,4/26/2024,pellentesque,Online
Woody,Wylder,,Vinte,3/31/2024,12:08 AM,,976-226-7443,17,6/26/2024,amet,Online
Lurette,Raylton,,Vidoo,10/4/2023,10:50 AM,sociis natoque penatibus et magnis dis parturient montes nascetur ridiculus mus vivamus vestibulum,,5,9/12/2023,proin,Online
Carolan,Yannikov,cyannikovjs@mozilla.com,Flashset,7/7/2023,4:51 AM,,200-447-7650,12,11/11/2023,integer,Online
Shepperd,Alberti,salbertijt@buzzfeed.com,Dynava,7/17/2023,7:46 PM,,540-778-3198,4,5/16/2024,lectus,Online
Trixi,Warne,twarneju@google.com.hk,Quimba,11/18/2023,6:41 PM,,201-884-8694,11,9/15/2023,curae,Online
Lydia,Londors,llondorsjv@theguardian.com,Quinu,11/26/2023,6:26 AM,,704-513-7481,1,7/3/2023,tincidunt,Online
Rianon,Fitter,rfitterjw@nasa.gov,Chatterpoint,12/21/2023,1:02 AM,,685-924-0199,10,5/7/2024,eu,Online
Bennie,Race,bracejx@wufoo.com,Twitterlist,4/13/2024,9:39 AM,,954-506-1436,15,12/31/2023,faucibus,Online
Margi,Bonn,mbonnjy@merriam-webster.com,Quinu,6/17/2024,9:40 AM,,332-535-2575,13,2/13/2024,libero,Online
Lorelle,,lcoronajz@google.ru,Jabberstorm,9/28/2023,7:12 PM,,702-357-7279,3,11/8/2023,aliquet,Online
,Blumfield,rblumfieldk0@hud.gov,Photobug,12/27/2023,1:42 AM,,629-939-6856,18,1/29/2024,curae,Online
Lowell,Morigan,lmorigank1@gravatar.com,Yodo,5/6/2024,8:51 AM,aliquam convallis nunc proin at turpis a pede posuere nonummy integer non velit donec diam neque,675-576-5089,11,6/5/2024,vel,Online
Barny,,bgopsellk2@columbia.edu,Teklist,3/11/2024,7:25 AM,varius ut blandit non interdum in ante vestibulum ante ipsum primis in faucibus orci luctus,780-631-8494,10,5/14/2024,nulla,Online
Raddy,Echlin,rechlink3@1und1.de,Roomm,1/2/2024,10:10 AM,,831-144-5740,14,10/4/2023,proin,Online
,Scotson,pscotsonk4@biglobe.ne.jp,Livetube,12/28/2023,4:42 PM,,,20,7/25/2023,amet,Online
Lorne,Dory,ldoryk5@google.pl,Devify,6/15/2024,9:06 PM,,,20,12/20/2023,euismod,Online
Karlis,McRuvie,,Jaxbean,5/28/2024,11:07 AM,,520-270-4932,3,5/8/2024,in,Online
Pierette,,,Trudeo,4/16/2024,1:19 PM,,773-365-5089,10,11/5/2023,nisl,Online
Devlen,Cholton,,Realblab,2/29/2024,7:15 AM,,312-350-5355,7,4/14/2024,risus,Online
Nadine,,nlammengak9@bluehost.com,Fanoodle,5/18/2024,1:25 AM,,977-110-2686,10,3/25/2024,blandit,Online
Tybalt,Excell,texcellka@ehow.com,Tagtune,8/25/2023,10:58 PM,,669-512-3102,13,5/22/2024,luctus,Online
Fields,Disdel,,Oyoloo,7/1/2023,11:05 AM,,701-261-0474,19,6/11/2024,massa,Online
Marge,Cockrem,,Meemm,11/29/2023,10:33 AM,,663-609-5468,17,3/22/2024,et,Online
Robbin,McEnhill,rmcenhillkd@comcast.net,Brainsphere,9/23/2023,8:20 AM,,,14,3/1/2024,iaculis,Online
,Back,bbackke@skype.com,Browsebug,9/16/2023,12:55 PM,,706-147-7851,9,1/22/2024,arcu,Online
Faith,Idale,fidalekf@comsenz.com,Feedbug,6/8/2024,1:48 PM,,954-231-4651,18,12/31/2023,erat,Online
Christos,Stapele,cstapelekg@printfriendly.com,Pixope,9/9/2023,2:07 PM,curae duis faucibus accumsan odio curabitur convallis duis consequat dui nec nisi volutpat eleifend donec ut dolor,193-522-6419,18,6/21/2024,accumsan,Online
Tarah,Kamall,,Abata,9/13/2023,6:32 AM,,,1,3/5/2024,et,Online
Clevey,Mcall,cmcallki@admin.ch,Babblestorm,6/14/2024,6:16 AM,,759-635-4825,7,11/11/2023,tortor,Online
Karola,Baterip,kbateripkj@elpais.com,Vipe,9/23/2023,5:56 PM,,,4,10/15/2023,amet,Online
Cchaddie,Edwicker,cedwickerkk@scientificamerican.com,Yakitri,7/21/2023,8:38 PM,,679-857-4559,6,10/17/2023,in,Online
Laure,Bownas,lbownaskl@quantcast.com,Zoomcast,5/27/2024,7:23 AM,,577-518-4362,2,5/17/2024,dolor,Online
Darcee,Halm,dhalmkm@abc.net.au,Edgeclub,7/8/2023,4:39 PM,,674-179-1829,15,11/4/2023,volutpat,Online
Jane,Markham,jmarkhamkn@wikimedia.org,Rhynoodle,6/23/2024,3:42 AM,,377-347-9961,10,9/7/2023,iaculis,Online
Staford,Peasegod,speasegodko@studiopress.com,Gabvine,6/18/2024,11:16 PM,,169-600-6612,18,12/16/2023,tincidunt,Online
,Sandercock,,Rhynoodle,4/26/2024,8:10 AM,,264-748-2001,4,2/21/2024,ut,Online
Ethelin,,eswinneykq@ow.ly,Wikido,9/9/2023,7:39 AM,,764-811-5586,14,8/14/2023,nibh,Online
Mead,Bascomb,mbascombkr@furl.net,Youtags,4/14/2024,11:44 AM,,805-379-6971,2,8/26/2023,integer,Online
Brander,,bsessunsks@epa.gov,Jetwire,2/4/2024,4:32 AM,,,4,3/23/2024,aliquam,Online
Burt,Bakhrushkin,bbakhrushkinkt@google.cn,Centizu,11/26/2023,3:44 AM,,980-832-9910,17,11/29/2023,primis,Online
Daveta,,dkindleyku@tmall.com,Fliptune,6/19/2024,11:42 PM,,,9,8/25/2023,diam,Online
Georgia,Le Maitre,glemaitrekv@github.com,Tavu,5/31/2024,8:26 AM,,169-449-1084,20,10/3/2023,dapibus,Online
Clare,,cclacsonkw@dedecms.com,Tazz,12/20/2023,5:33 PM,,,6,2/23/2024,fusce,Online
Renado,O'Luby,rolubykx@nationalgeographic.com,Divanoodle,5/18/2024,2:29 AM,,436-555-7961,7,7/3/2023,magna,Online
Ashton,Giovannacc@i,agiovannacciky@vistaprint.com,Oyoba,1/8/2024,10:06 PM,,975-717-6818,5,6/26/2024,turpis,Online
Skye,Edmands,,Edgeclub,4/9/2024,2:51 PM,,250-708-2004,18,8/16/2023,in,Online
Annmarie,Tackes,,Ntag,1/13/2024,9:33 AM,,117-208-4659,19,5/29/2024,interdum,Online
,,,Browsetype,8/8/2023,6:36 AM,,170-342-7137,9,12/8/2023,sapien,Online
Catha,Midden,cmiddenl2@state.gov,Oyonder,6/4/2024,3:36 AM,,434-627-4170,2,12/2/2023,justo,Online
Nappy,Swindall,nswindalll3@chicagotribune.com,Agimba,6/3/2024,1:40 PM,,802-455-0919,3,5/12/2024,massa,Online
Odille,Haswall,ohaswalll4@hibu.com,Oyoloo,5/5/2024,3:34 AM,,624-651-1100,9,10/19/2023,nullam,Online
Valerie,Bickerdicke,vbickerdickel5@deviantart.com,Gabvine,8/26/2023,9:59 PM,,307-529-1753,4,9/18/2023,amet,Online
Shantee,Maffioletti,smaffiolettil6@hostgator.com,Buzzshare,11/15/2023,11:49 AM,,,11,4/26/2024,condimentum,Online
Laura,Starzaker,,BlogXS,7/11/2023,10:28 PM,,591-580-6503,8,1/26/2024,vulputate,Online
Holmes,,,Voonder,2/13/2024,4:47 PM,,410-153-2352,19,12/10/2023,rhoncus,Online
,,,Abata,3/27/2024,7:17 PM,,410-209-5710,1,6/2/2024,at,Online
Gardiner,Ciepluch,gciepluchla@biblegateway.com,Voomm,2/7/2024,9:10 AM,,888-881-3778,2,2/29/2024,ornare,Online
Eartha,Tolley,etolleylb@cpanel.net,Skimia,1/11/2024,6:26 AM,,425-958-3017,17,12/27/2023,volutpat,Online
Terence,Skully,tskullylc@theguardian.com,Skyba,8/28/2023,1:02 AM,,580-339-1250,4,7/2/2023,condimentum,Online
Else,Simionescu,esimionesculd@mail.ru,Brainverse,4/25/2024,10:24 PM,,969-801-7256,16,5/9/2024,volutpat,Online
Terry,Folbigg,,Quinu,3/21/2024,12:54 PM,,291-889-3499,20,11/15/2023,magna,Online
Ailee,Crigin,acriginlf@bravesites.com,Skinte,12/16/2023,6:24 AM,,940-152-8896,11,5/21/2024,volutpat,Online
Danyette,Robiou,drobioulg@statcounter.com,Meezzy,10/4/2023,12:41 PM,,888-874-4746,6,11/9/2023,donec,Online
Cally,Bestiman,cbestimanlh@free.fr,Rooxo,10/13/2023,3:54 PM,,,15,11/22/2023,mauris,Online
Meryl,Humphries,mhumphriesli@si.edu,Mita,9/13/2023,11:21 PM,,813-833-6188,11,2/21/2024,pede,Online
Bernice,Whittet,,Divape,1/2/2024,9:24 AM,,,5,2/2/2024,suspendisse,Online
Riordan,Gutridge,rgutridgelk@thetimes.co.uk,Voonder,12/16/2023,5:06 AM,,977-517-3178,3,5/22/2024,tempus,Online
Lauren,Hawtin,lhawtinll@si.edu,Leexo,9/8/2023,3:31 PM,,735-725-8236,6,9/17/2023,lacinia,Online
,Cellone,bcellonelm@uol.com.br,Aimbu,1/29/2024,1:04 PM,,,3,1/19/2024,venenatis,Online
Edy,Carabine,ecarabineln@sun.com,Twitterwire,11/9/2023,11:52 AM,,,15,11/17/2023,porta,Online
Jenn,Parrott,jparrottlo@columbia.edu,Skibox,3/17/2024,9:35 PM,,,17,5/8/2024,pulvinar,Online
Daron,Tommeo,dtommeolp@un.org,Centimia,9/17/2023,7:39 AM,,481-492-5615,1,2/9/2024,etiam,Online
Christie,Pykett,,Buzzdog,1/17/2024,11:46 PM,,533-907-5983,14,9/27/2023,condimentum,Online
Devin,Kroch,dkrochlr@house.gov,Brightdog,7/16/2023,12:05 PM,,251-330-3504,7,2/27/2024,nisl,Online
Eliot,Hiddsley,ehiddsleyls@xing.com,Wordify,5/12/2024,8:17 PM,,,13,6/14/2024,aenean,Online
Francene,Gallacher,fgallacherlt@dagondesign.com,Aimbu,2/14/2024,4:00 AM,consequat lectus in est risus auctor sed tristique in tempus,,9,4/6/2024,turpis,Online
Delmar,Garratty,dgarrattylu@ca.gov,Blogtag,7/7/2023,7:30 AM,,880-307-7920,17,5/3/2024,donec,Online
Madelena,Taffarello,mtaffarellolv@msu.edu,Vinder,10/15/2023,5:41 AM,,145-503-7009,19,9/28/2023,ac,Online
Nicolai,,ngirklw@dailymail.co.uk,Quinu,9/16/2023,10:33 PM,,,9,5/22/2024,semper,Online
,Archbald,narchbaldlx@hao123.com,Lazz,9/21/2023,5:59 PM,,474-622-3638,15,4/12/2024,curabitur,Online
Marti,McCadden,mmccaddenly@businessweek.com,Shufflebeat,7/19/2023,8:06 PM,sit amet eleifend pede libero quis orci nullam molestie nibh in lectus pellentesque at,672-868-8228,15,10/2/2023,quam,Online
Amerigo,Chasteney,achasteneylz@altervista.org,Eazzy,9/25/2023,7:43 AM,,487-285-8434,5,3/28/2024,ullamcorper,Online
Kelsi,Bloxsum,kbloxsumm0@google.nl,Zoomlounge,11/9/2023,6:19 AM,,252-492-5719,5,9/29/2023,nulla,Online
Emanuele,Dawby,edawbym1@gizmodo.com,Roodel,2/26/2024,10:10 PM,,337-718-3217,20,8/19/2023,risus,Online
Sacha,Mumbeson,smumbesonm2@github.io,Youtags,7/16/2023,7:10 AM,,,7,12/31/2023,ultrices,Online
Rivkah,Cantrill,rcantrillm3@ehow.com,Teklist,10/21/2023,7:21 PM,,722-440-7797,20,7/31/2023,quam,Online
Aguistin,Ricoald,aricoaldm4@mail.ru,Layo,2/26/2024,6:34 AM,,967-110-3704,19,2/6/2024,hac,Online
,Marini,cmarinim5@biglobe.ne.jp,Jayo,9/24/2023,4:02 PM,,812-543-4599,9,12/15/2023,turpis,Online
Ignace,Treffrey,itreffreym6@ovh.net,Skipstorm,9/7/2023,10:14 AM,,541-858-6685,2,3/24/2024,integer,Online
Abby,Futty,afuttym7@tripadvisor.com,Janyx,8/24/2023,8:16 PM,,,5,4/15/2024,amet,Online
Glenna,Franzonello,,Photofeed,4/18/2024,10:45 AM,,998-265-0983,5,6/8/2024,semper,Online
,Ghio,bghiom9@imdb.com,Jaxspan,1/29/2024,9:14 AM,,527-670-1726,5,2/28/2024,velit,Online
Cinda,Duchesne,cduchesnema@bbc.co.uk,Kwideo,9/12/2023,6:40 AM,,596-297-6927,9,4/8/2024,scelerisque,Online
Ker,,ktruesdalemb@unicef.org,Babblestorm,3/18/2024,8:38 AM,,,13,3/2/2024,lacinia,Online
Brandi,Balderston,bbalderstonmc@theglobeandmail.com,Centimia,3/30/2024,4:49 PM,,,20,11/7/2023,turpis,Online
Byrann,Felton,bfeltonmd@stanford.edu,Jamia,6/3/2024,8:54 AM,,394-882-9802,8,5/27/2024,ut,Online
Dmitri,Daens,ddaensme@irs.gov,Demizz,8/19/2023,10:52 PM,,476-762-6154,15,9/23/2023,in,Online
Pepi,Sevitt,,Linktype,7/31/2023,9:42 PM,,917-705-7931,5,5/25/2024,fermentum,Online
Liz,Leathwood,lleathwoodmg@dropbox.com,Yodoo,7/16/2023,5:08 PM,,255-301-8250,2,10/5/2023,duis,Online
Alysia,Carslake,acarslakemh@joomla.org,Feedfire,12/4/2023,10:30 PM,,,7,9/17/2023,libero,Online
Umberto,Powrie,upowriemi@columbia.edu,Yotz,11/13/2023,7:07 AM,,454-682-0730,10,12/26/2023,nisi,Online
Randell,Cartmail,rcartmailmj@about.me,Youfeed,5/23/2024,4:29 AM,,,14,1/2/2024,imperdiet,Online
,Filyukov,gfilyukovmk@blinklist.com,Layo,1/7/2024,7:12 AM,,247-250-7145,12,7/21/2023,montes,Online
Phedra,Frome,,Zoombox,4/8/2024,7:15 AM,mauris ullamcorper purus sit amet nulla quisque arcu libero rutrum ac lobortis vel dapibus at,176-510-1137,12,12/2/2023,luctus,Online
Kamila,Blaylock,,Blogspan,7/1/2023,11:20 PM,,,7,5/1/2024,ultrices,Online
,Carine,,Aimbo,7/2/2023,6:47 AM,,487-266-4512,2,7/18/2023,vestibulum,Online
Zacherie,Mobius,zmobiusmo@devhub.com,Tanoodle,4/26/2024,3:46 AM,,278-320-8015,10,11/8/2023,nunc,Online
Norbie,Smiley,nsmileymp@google.fr,Wordpedia,6/23/2024,10:32 PM,,227-721-5073,17,10/11/2023,aenean,Online
Nonnah,Lumbers,nlumbersmq@google.pl,Blogtag,4/20/2024,7:54 AM,,246-964-5184,5,8/26/2023,integer,Online
,Vinsen,lvinsenmr@microsoft.com,Jaxspan,12/15/2023,5:23 AM,,991-667-6505,14,11/30/2023,sit,Online
Armstrong,Staning,astaningms@instagram.com,Dabshots,3/1/2024,11:33 PM,,411-957-3195,11,6/2/2024,luctus,Online
Rubina,Ebrall,rebrallmt@yolasite.com,Tagtune,11/7/2023,11:31 AM,,258-531-2930,11,10/4/2023,natoque,Online
Kendal,Tarbath,ktarbathmu@amazon.co.uk,Avamm,9/28/2023,9:33 PM,,,12,10/22/2023,quam,Online
Gustavus,Styche,gstychemv@eventbrite.com,Mudo,11/20/2023,4:03 AM,,534-408-0261,6,12/3/2023,venenatis,Online
Barret,Singyard,bsingyardmw@github.com,Divape,10/25/2023,9:20 PM,,127-718-5502,17,1/27/2024,proin,Online
Sherwynd,Cran,scranmx@phoca.cz,Eare,6/2/2024,8:28 AM,,204-973-9120,11,3/10/2024,donec,Online
Hamel,Geffen,,Pixope,7/1/2023,12:23 AM,,503-320-6907,14,7/17/2023,risus,Online
,Cassar,,Tavu,10/11/2023,6:52 PM,,,16,6/28/2023,mi,Online
Jo-anne,Talks,,Edgeify,5/2/2024,2:07 AM,,662-481-4496,4,2/23/2024,dapibus,Online
Thor,Ensor,tensorn1@ovh.net,Eare,4/14/2024,6:42 PM,,333-219-8597,6,3/23/2024,augue,Online
Zaneta,Sheerman,zsheermann2@oracle.com,Voomm,11/30/2023,4:24 PM,,599-460-3948,17,3/17/2024,volutpat,Online
Donica,Earland,dearlandn3@japanpost.jp,Gevee,2/9/2024,5:37 AM,,394-909-4440,2,1/20/2024,eget,Online
Caritta,Rapsey,crapseyn4@imdb.com,Yombu,6/6/2024,3:58 AM,,,5,8/17/2023,turpis,Online
Olive,,otroodn5@wisc.edu,Shufflester,7/16/2023,1:11 AM,,922-545-3016,15,8/4/2023,augue,Online
Rosamund,Greenhalgh,rgreenhalghn6@nifty.com,Npath,8/18/2023,11:55 PM,,,5,1/30/2024,primis,Online
Dino,Herrero,dherreron7@bigcartel.com,Zoombox,2/7/2024,1:47 AM,,794-872-7414,10,6/14/2024,non,Online
Susana,Luckin,,Yombu,8/7/2023,3:15 AM,,436-818-7319,11,1/3/2024,congue,Online
Adaline,Blachford,ablachfordn9@example.com,Twiyo,9/16/2023,1:40 PM,,683-701-5295,11,10/4/2023,venenatis,Online
Cullin,Hawe,chawena@blogs.com,Zoonoodle,12/8/2023,3:51 PM,,974-711-6160,11,7/21/2023,dui,Online
Karoly,Eadmeads,keadmeadsnb@canalblog.com,Katz,10/8/2023,9:45 PM,,,3,2/9/2024,odio,Online
Ashia,Bouttell,abouttellnc@w3.org,Zoomdog,11/20/2023,9:24 PM,,245-335-1320,18,2/16/2024,ipsum,Online
Mike,Jewster,mjewsternd@xrea.com,Topicblab,2/4/2024,3:38 AM,,280-161-9851,19,4/18/2024,aliquet,Online
Elbertina,Regitz,,Topicstorm,1/23/2024,2:55 AM,,871-437-6392,4,6/10/2024,mauris,Online
Isahella,Dionisi,idionisinf@whitehouse.gov,Voolia,7/12/2023,4:23 PM,,968-614-2411,20,6/10/2024,magna,Online
,,mlawerenceng@reuters.com,Reallinks,3/6/2024,10:43 PM,,212-835-5091,12,8/2/2023,ultrices,Online
Albertine,Archibold,aarchiboldnh@hao123.com,Plajo,8/27/2023,8:45 PM,,739-191-9413,14,12/3/2023,ac,Online
Burke,Seath,bseathni@npr.org,Eadel,7/14/2023,3:40 AM,,999-692-1633,17,7/1/2023,ut,Online
Darcy,,,Minyx,9/13/2023,1:42 AM,,865-722-9527,1,2/27/2024,sapien,Online
Terry,Dine-Hart,tdinehartnk@un.org,Nlounge,7/23/2023,10:17 AM,,959-181-6216,15,4/30/2024,turpis,Online
Lorilee,De Maine,ldemainenl@pbs.org,Yodo,4/7/2024,6:43 PM,,,7,2/16/2024,eros,Online
Gianina,Cowoppe,gcowoppenm@mail.ru,Roodel,8/3/2023,9:54 AM,,635-359-7540,16,9/9/2023,ultrices,Online
Lilah,Siveyer,lsiveyernn@wikia.com,Mydeo,4/23/2024,3:04 AM,,,12,12/20/2023,blandit,Online
Stefa,,sjoronno@exblog.jp,Voolith,7/17/2023,9:48 PM,,705-493-9716,10,1/29/2024,sit,Online
Silvana,,sarminnp@fotki.com,Jayo,11/2/2023,3:58 PM,,689-339-2102,11,3/8/2024,morbi,Online
Aidan,Hulme,ahulmenq@qq.com,Kazu,4/15/2024,5:18 AM,,751-372-1847,20,6/1/2024,velit,Online
Maureen,Lutzmann,mlutzmannnr@nih.gov,Plajo,11/13/2023,8:04 AM,,776-641-8394,9,8/6/2023,odio,Online
,Dell,tdellns@flavors.me,Skinte,8/24/2023,4:34 PM,,250-367-7084,12,9/15/2023,volutpat,Online
Saundra,,,Fatz,4/5/2024,8:18 PM,,,20,2/12/2024,vestibulum,Online
Jess,Bonsale,jbonsalenu@cisco.com,Shufflebeat,2/15/2024,6:04 AM,,,14,6/19/2024,in,Online
Savina,Davall,sdavallnv@irs.gov,Kanoodle,11/13/2023,11:37 AM,,747-625-1030,6,11/18/2023,in,Online
Borden,Aicken,baickennw@dyndns.org,Ailane,2/4/2024,6:18 PM,,831-586-0629,10,5/23/2024,tincidunt,Online
,,tshaplandnx@mozilla.org,Agivu,8/18/2023,3:39 PM,donec pharetra magna vestibulum aliquet ultrices erat tortor sollicitudin mi sit amet,979-986-6493,12,2/11/2024,curae,Online
Davy,Spinke,dspinkeny@ezinearticles.com,Vidoo,6/15/2024,10:40 AM,,309-675-2299,6,12/2/2023,dapibus,Online
Bronnie,Iskowicz,,Skiptube,2/17/2024,5:19 PM,,344-203-3926,11,11/29/2023,adipiscing,Online
Samara,Rojel,,Brightbean,2/2/2024,9:34 AM,,461-747-7604,4,8/26/2023,maecenas,Online
Micaela,Risdall,,Meezzy,12/13/2023,7:19 AM,,366-576-1240,20,2/20/2024,potenti,Online
Imogene,Normanville,inormanvilleo2@sohu.com,Shufflester,7/18/2023,11:54 PM,,270-845-3797,19,3/25/2024,risus,Online
Domenic,Harmson,,Wordify,1/23/2024,4:20 PM,,,12,8/27/2023,justo,Online
Pammie,Strete,pstreteo4@google.ru,Centidel,12/7/2023,5:53 AM,,476-183-4690,12,6/26/2024,pellentesque,Online
Dorise,Seage,dseageo5@oakley.com,Youspan,11/17/2023,3:27 AM,,315-587-7625,16,11/23/2023,phasellus,Online
,Rowlatt,wrowlatto6@stanford.edu,Skipfire,8/19/2023,8:20 AM,,231-377-6405,12,9/29/2023,congue,Online
Eliot,,eoleksiako7@artisteer.com,Youtags,2/13/2024,8:48 AM,,792-981-2366,13,3/19/2024,congue,Online
Ardelle,,acockrillo8@networkadvertising.org,Yakitri,5/9/2024,5:11 PM,,,5,5/24/2024,lacinia,Online
,Alldridge,lalldridgeo9@twitter.com,Youspan,5/5/2024,1:32 AM,,128-117-4718,7,7/18/2023,at,Online
Fanya,Scoines,fscoinesoa@taobao.com,Divape,7/23/2023,7:47 AM,,126-485-7767,20,9/1/2023,a,Online
,Garrood,,Eazzy,6/20/2024,8:24 PM,,744-226-7812,15,12/8/2023,erat,Online
Conny,Zukerman,czukermanoc@prnewswire.com,Chatterbridge,1/12/2024,5:26 PM,,781-756-9712,9,10/1/2023,risus,Online
,Clayton,vclaytonod@oakley.com,Devcast,11/6/2023,3:01 PM,,595-133-8725,9,6/14/2024,consequat,Online
,Wilsey,lwilseyoe@harvard.edu,Eamia,1/12/2024,4:12 PM,etiam pretium iaculis justo in hac habitasse platea dictumst etiam,547-428-4300,1,5/21/2024,ultrices,Online
Mohandis,d' Elboux,mdelbouxof@slate.com,Trupe,2/25/2024,1:16 AM,,254-186-2708,11,1/24/2024,sagittis,Online
Babbette,Smiz,bsmizog@mapy.cz,Eayo,4/3/2024,5:36 AM,,110-974-7514,10,2/14/2024,praesent,Online
Ivar,Starie,istarieoh@unblog.fr,Vipe,11/22/2023,5:21 PM,,553-882-1355,5,2/17/2024,luctus,Online
Carey,Jearum,cjearumoi@earthlink.net,Realcube,9/1/2023,12:05 AM,,658-455-3677,16,5/21/2024,pede,Online
,Minigo,kminigooj@google.ca,Kanoodle,1/10/2024,10:02 AM,,,17,6/28/2023,integer,Online
Corly,Rohfsen,crohfsenok@cbsnews.com,Oodoo,7/8/2023,10:50 PM,,120-132-9749,7,12/7/2023,a,Online
Miltie,Kolakowski,mkolakowskiol@unicef.org,Demimbu,7/9/2023,8:40 AM,,,6,2/23/2024,pellentesque,Online
Else,Corssen,ecorssenom@i2i.jp,Pixope,8/25/2023,9:52 PM,,205-337-1511,9,11/11/2023,ultrices,Online
Olwen,Godspeede,,Skivee,10/8/2023,2:28 AM,,836-280-2857,4,8/25/2023,quis,Online
Iosep,Wilflinger,iwilflingeroo@ca.gov,Mynte,8/28/2023,6:58 PM,,962-398-5354,18,11/17/2023,libero,Online
Ruthann,Mixture,rmixtureop@csmonitor.com,Aivee,6/2/2024,6:18 AM,,208-830-2078,7,4/26/2024,eu,Online
Dael,Ghelardoni,dghelardonioq@sbwire.com,Divanoodle,1/17/2024,11:38 PM,,285-984-9453,19,4/11/2024,massa,Online
Elizabeth,Burgyn,eburgynor@unesco.org,Rhycero,6/2/2024,1:34 PM,,412-525-1081,2,2/14/2024,tempor,Online
Cleo,Bytheway,cbythewayos@theatlantic.com,Oloo,2/9/2024,3:02 AM,,,5,1/8/2024,vel,Online
,Duell,fduellot@house.gov,Devpulse,3/20/2024,4:13 AM,eu massa donec dapibus duis at velit eu est congue elementum in hac,893-736-4328,14,5/7/2024,in,Online
Harlie,Gotcliff,hgotcliffou@google.com.au,Wikibox,7/26/2023,10:43 PM,,808-686-0331,20,10/5/2023,a,Online
Marielle,Cobbold,mcobboldov@ask.com,Voolith,10/12/2023,2:35 PM,,797-345-0283,16,10/24/2023,id,Online
Gerrie,Pagram,gpagramow@elpais.com,Brightdog,6/8/2024,1:48 AM,,202-758-6507,13,4/27/2024,tellus,Online
Hanson,,houtlawox@rediff.com,Thoughtsphere,12/24/2023,3:35 PM,,171-773-4331,20,8/4/2023,scelerisque,Online
Ambrosio,Crank,acrankoy@fastcompany.com,Brainsphere,8/14/2023,6:25 AM,,449-472-4042,10,10/31/2023,cubilia,Online
Ado,Coomber,acoomberoz@google.co.uk,Youopia,10/12/2023,4:20 AM,,,1,7/19/2023,semper,Online
Rosy,Semrad,rsemradp0@privacy.gov.au,Flashset,8/7/2023,6:00 PM,,,19,3/21/2024,eu,Online
,Gwynne,fgwynnep1@narod.ru,Kare,6/28/2023,5:25 AM,,872-779-0074,16,4/3/2024,cubilia,Online
Gweneth,Speenden,gspeendenp2@github.com,Layo,10/30/2023,11:38 PM,,965-373-6948,17,12/19/2023,faucibus,Online
Anjanette,Bandt,abandtp3@telegraph.co.uk,Avaveo,4/23/2024,5:14 PM,,800-508-9043,14,6/8/2024,magna,Online
,Umney,rumneyp4@microsoft.com,Fliptune,6/22/2024,1:46 AM,,330-915-2837,9,7/29/2023,nullam,Online
Shena,McIlveen,smcilveenp5@youtube.com,Eabox,3/8/2024,8:41 AM,,703-954-5557,14,12/8/2023,cum,Online
Beatrix,Barnish,bbarnishp6@ca.gov,Eadel,6/17/2024,1:12 AM,,252-843-6147,18,8/19/2023,varius,Online
Clare,Allen,callenp7@slate.com,Yozio,3/5/2024,6:19 PM,,225-274-1418,10,9/24/2023,risus,Online
Pierrette,,pheinlep8@ted.com,Mita,1/27/2024,10:31 PM,,315-722-3428,11,12/30/2023,eleifend,Online
Carolina,Pauley,cpauleyp9@google.pl,Ntag,11/28/2023,8:51 AM,,662-309-5027,13,5/25/2024,enim,Online
Giulietta,Pitkin,gpitkinpa@omniture.com,Linkbuzz,1/25/2024,4:51 PM,,135-391-8909,7,1/23/2024,at,Online
Zelig,Bromley,,Yozio,11/28/2023,3:30 PM,,,11,6/4/2024,erat,Online
Bonnie,Welsby,bwelsbypc@narod.ru,Leenti,6/27/2024,7:28 AM,,,16,8/21/2023,vitae,Online
Casey,McAuliffe,cmcauliffepd@gnu.org,Voonix,2/5/2024,10:21 AM,,843-525-5830,7,8/14/2023,tempus,Online
Starlene,Langcastle,slangcastlepe@sciencedirect.com,InnoZ,12/2/2023,10:38 AM,primis in faucibus orci luctus et ultrices posuere cubilia curae,,15,11/29/2023,venenatis,Online
Donal,Licari,dlicaripf@arizona.edu,Lazz,5/19/2024,6:42 AM,,656-318-2725,6,5/28/2024,ipsum,Online
Crystie,Dubble,cdubblepg@discovery.com,Mydeo,9/15/2023,6:53 PM,,101-513-0589,9,1/24/2024,ut,Online
Alexi,Schimaschke,aschimaschkeph@mashable.com,Devpulse,2/12/2024,5:08 AM,,182-110-8948,1,8/16/2023,felis,Online
Trstram,Seckom,tseckompi@so-net.ne.jp,Voomm,9/16/2023,9:09 AM,,,5,10/5/2023,mattis,Online
,Baker,,Jabbersphere,12/10/2023,12:48 AM,,987-372-5158,18,6/8/2024,sed,Online
,Gillions,dgillionspk@simplemachines.org,Livetube,9/5/2023,12:44 PM,,,17,1/2/2024,nisl,Online
Gibbie,Aslum,gaslumpl@blogger.com,Youspan,7/24/2023,12:10 PM,,778-271-8032,12,12/11/2023,libero,Online
Dierdre,,dallnattpm@blinklist.com,Yabox,2/5/2024,1:29 AM,,321-165-0500,10,2/12/2024,vel,Online
Tove,Kemmett,tkemmettpn@amazon.com,Oyoloo,2/18/2024,4:49 AM,,533-911-2001,13,8/11/2023,justo,Online
Kylynn,Oldall,koldallpo@elpais.com,Browsezoom,11/26/2023,9:59 PM,,950-842-4806,15,8/4/2023,enim,Online
Agnes,Arrigo,aarrigopp@si.edu,Ailane,7/3/2023,10:28 PM,,435-404-7775,4,3/9/2024,vestibulum,Online
Gilli,Soaper,gsoaperpq@tumblr.com,Yodo,1/9/2024,5:42 AM,,252-761-7112,7,4/6/2024,enim,Online
Anni,Innis,ainnispr@hhs.gov,Pixoboo,9/7/2023,11:39 PM,,,4,10/18/2023,nibh,Online
Marcel,Feveryear,,Wordpedia,8/18/2023,1:10 AM,,822-326-0355,8,10/11/2023,odio,Online
Anderson,Tibbles,atibblespt@squarespace.com,Bubblebox,1/25/2024,11:52 PM,,687-806-9726,6,4/14/2024,enim,Online
Hewett,Franzetti,hfranzettipu@baidu.com,Youopia,10/2/2023,2:56 AM,,151-657-6716,9,2/2/2024,amet,Online
Rickert,Breacher,rbreacherpv@webmd.com,Linklinks,7/11/2023,12:05 AM,,170-322-6362,9,6/1/2024,amet,Online
Nils,Cowhig,ncowhigpw@yahoo.com,Dynava,5/16/2024,11:16 PM,,612-820-3734,8,5/23/2024,augue,Online
,Langlais,hlanglaispx@amazon.com,Rhybox,12/27/2023,5:33 AM,,,2,10/27/2023,in,Online
Moises,Schwerin,mschwerinpy@state.tx.us,Kwideo,2/16/2024,8:25 AM,,348-361-9811,8,6/25/2024,amet,Online
Morten,Gascoigne,mgascoignepz@seesaa.net,Jabbertype,5/25/2024,3:35 AM,,,7,7/7/2023,mattis,Online
Livia,Bartaletti,lbartalettiq0@cpanel.net,Yodel,9/18/2023,3:16 PM,,849-474-4425,19,5/6/2024,tristique,Online
Eran,Southeran,esoutheranq1@stumbleupon.com,Lazzy,5/30/2024,3:44 AM,,693-592-2755,18,6/3/2024,id,Online
Francisca,Macveigh,,Vimbo,3/31/2024,3:36 AM,,633-372-7053,11,7/19/2023,platea,Online
Euell,Culmer,eculmerq3@sourceforge.net,Skilith,9/5/2023,10:24 AM,,550-700-6551,10,2/7/2024,mauris,Online
Roseline,Ireson,riresonq4@amazon.co.uk,Gevee,11/3/2023,1:42 AM,,,17,1/25/2024,ullamcorper,Online
Dina,Ewins,dewinsq5@wordpress.com,Mymm,4/28/2024,6:08 AM,,882-661-9434,20,1/19/2024,fermentum,Online
,Sokale,asokaleq6@surveymonkey.com,Vidoo,11/13/2023,8:06 PM,,478-956-5746,2,2/17/2024,nisl,Online
Cathee,Lofts,,Yombu,6/11/2024,3:47 AM,,897-256-2595,5,12/3/2023,vestibulum,Online
Bone,Binney,,Leenti,9/29/2023,8:12 AM,,889-370-2566,1,6/16/2024,dui,Online
Lindsey,Looney,llooneyq9@t.co,Photobug,7/24/2023,8:00 PM,,346-799-5218,13,10/29/2023,amet,Online
Trev,Francescotti,,Agivu,11/13/2023,9:37 AM,,312-256-1550,7,6/19/2024,maecenas,Online
Chelsie,Corwood,ccorwoodqb@google.cn,Jaloo,12/7/2023,1:41 AM,congue diam id ornare imperdiet sapien urna pretium nisl ut volutpat sapien arcu sed,871-414-4009,2,6/14/2024,ullamcorper,Online
Philis,Thalmann,pthalmannqc@patch.com,Browsecat,4/1/2024,6:05 PM,,288-131-8805,11,10/5/2023,sapien,Online
Currey,Cushe,ccusheqd@addtoany.com,Lajo,9/1/2023,6:50 PM,,416-832-6499,8,7/2/2023,feugiat,Online
Lindy,Gebby,lgebbyqe@wikia.com,Rooxo,8/30/2023,2:46 AM,,831-950-8509,1,6/9/2024,luctus,Online
Shelley,Thorrington,sthorringtonqf@wired.com,Trilia,1/12/2024,7:56 PM,,,6,12/16/2023,hac,Online
Inga,Wallbanks,iwallbanksqg@gnu.org,Bluejam,3/13/2024,10:04 PM,,336-983-9156,13,7/12/2023,pulvinar,Online
,Joanic,,Shufflester,9/24/2023,3:43 AM,,246-555-4778,4,5/22/2024,habitasse,Online
Madelin,Patifield,,Fanoodle,12/11/2023,2:30 AM,,,13,8/7/2023,curabitur,Online
Hedi,,hkippenqj@arstechnica.com,Edgeify,10/10/2023,7:46 AM,,,9,2/29/2024,tellus,Online
Ambrosi,Mandifield,amandifieldqk@telegraph.co.uk,Edgeblab,11/1/2023,11:49 AM,,120-894-4134,17,5/20/2024,integer,Online
Bernelle,Trolley,,Realblab,2/5/2024,11:02 AM,auctor gravida sem praesent id massa id nisl venenatis lacinia aenean sit amet justo morbi ut,,6,2/21/2024,duis,Online
Coral,Stilling,cstillingqm@miibeian.gov.cn,Ooba,3/5/2024,3:16 PM,,676-109-6586,14,5/16/2024,sapien,Online
Ethel,Browncey,ebrownceyqn@ehow.com,Kwimbee,11/28/2023,3:20 AM,,430-891-3883,20,12/4/2023,pede,Online
Oswald,Daymond,odaymondqo@shutterfly.com,Avaveo,7/28/2023,9:08 PM,,168-919-4355,2,1/6/2024,mattis,Online
Trip,,tpaskellqp@amazon.co.uk,Ozu,2/17/2024,8:41 AM,,234-747-0729,14,8/19/2023,congue,Online
Joshuah,,jiddendenqq@youtube.com,Viva,3/30/2024,9:11 AM,,364-366-8196,13,6/29/2023,eleifend,Online
Jacynth,Koop,jkoopqr@nature.com,Flipopia,7/16/2023,4:59 PM,,972-800-3133,16,1/31/2024,nulla,Online
Reinaldo,Yakov,ryakovqs@studiopress.com,Geba,12/11/2023,12:09 AM,,646-656-5427,3,6/6/2024,augue,Online
Leroi,Forcer,,Quamba,2/7/2024,2:41 PM,,904-959-6209,4,10/27/2023,blandit,Online
Flora,Keuntje,,Zoozzy,10/27/2023,6:30 PM,,383-878-3201,6,8/29/2023,dis,Online
Harmon,Rockcliff,hrockcliffqv@nyu.edu,Shufflebeat,1/29/2024,1:08 AM,,954-683-7660,9,10/6/2023,arcu,Online
Meg,O'Connor,moconnorqw@free.fr,Trupe,8/6/2023,6:03 AM,,964-780-2784,12,11/20/2023,vel,Online
Colin,Le Friec,clefriecqx@google.ru,Topicstorm,4/3/2024,12:56 PM,,108-337-8866,14,11/29/2023,porttitor,Online
Korry,Thaller,kthallerqy@auda.org.au,Jazzy,2/26/2024,6:08 AM,,,20,12/11/2023,ipsum,Online
Odelle,,odegouyqz@blinklist.com,Buzzdog,3/10/2024,5:35 PM,,257-213-7032,4,9/23/2023,nulla,Online
,Giblett,,Quire,6/2/2024,8:58 AM,,366-290-6481,18,8/10/2023,faucibus,Online
Shea,Bernasek,sbernasekr1@printfriendly.com,Gabvine,1/15/2024,7:41 AM,,888-325-1641,10,8/28/2023,vestibulum,Online
Cornelia,Dispencer,cdispencerr2@icq.com,Edgetag,7/5/2023,4:58 AM,,660-116-5895,7,11/16/2023,sapien,Online
Janela,Lamb-shine,,Kwimbee,2/9/2024,11:53 PM,,422-110-7605,1,5/7/2024,vestibulum,Online
Leonora,Beaumont,lbeaumontr4@bluehost.com,BlogXS,3/30/2024,7:40 AM,,,7,4/12/2024,elementum,Online
Merle,Dibb,mdibbr5@amazonaws.com,Wikizz,9/3/2023,2:13 PM,,,14,5/21/2024,quisque,Online
Chere,Redparth,credparthr6@xrea.com,Teklist,6/30/2023,8:07 PM,,114-300-1376,1,1/11/2024,sociis,Online
Claudianus,Passy,cpassyr7@so-net.ne.jp,Oyoba,6/28/2023,4:50 AM,,,2,9/30/2023,ipsum,Online
Page,Girardini,pgirardinir8@usa.gov,Divape,1/28/2024,1:39 PM,,,19,11/24/2023,ligula,Online
Fionnula,Dytham,fdythamr9@php.net,Livepath,2/18/2024,9:59 PM,,,5,6/26/2024,nec,Online
,Clemmen,jclemmenra@kickstarter.com,Zoombox,7/9/2023,12:14 AM,,467-580-4554,9,11/14/2023,nibh,Online
Jacintha,Fransman,jfransmanrb@usda.gov,Meetz,1/17/2024,9:20 AM,,201-884-7418,1,3/23/2024,lacinia,Online
Lauretta,,loleksinskirc@cmu.edu,Fadeo,12/26/2023,4:17 AM,,822-720-4054,4,7/20/2023,habitasse,Online
Irina,Kleinmann,,Shufflester,12/31/2023,4:08 AM,,651-331-1169,1,9/9/2023,maecenas,Online
Harrie,,hchittockre@google.ru,Wikizz,10/14/2023,8:08 PM,,493-343-5443,6,2/29/2024,varius,Online
Angelica,Wassung,awassungrf@ask.com,Wikido,12/6/2023,10:11 AM,,598-514-5082,3,8/30/2023,eleifend,Online
Prescott,Hay,phayrg@ebay.co.uk,Fadeo,6/23/2024,11:01 AM,,929-100-1717,6,4/14/2024,interdum,Online
Rossie,Samworth,rsamworthrh@google.de,Aimbu,3/25/2024,3:22 PM,,639-200-5422,3,7/8/2023,pede,Online
Florette,Hew,fhewri@issuu.com,Wikibox,6/19/2024,4:23 AM,,796-751-1064,20,9/5/2023,nulla,Online
Cathie,Juett,cjuettrj@ucla.edu,Photobug,4/22/2024,6:35 PM,,715-544-5192,5,1/12/2024,eu,Online
,Maynard,mmaynardrk@marketwatch.com,Oyondu,10/4/2023,6:24 PM,,842-381-1778,7,5/24/2024,curabitur,Online
Tiffi,Sheaf,,Wordware,12/29/2023,12:45 PM,,773-898-1375,11,3/30/2024,eu,Online
Daile,Allberry,dallberryrm@spiegel.de,Rhycero,2/14/2024,5:07 AM,,105-515-1685,9,1/20/2024,nisl,Online
Lark,,lmcilennarn@cnn.com,Oozz,8/3/2023,11:53 PM,,336-120-1299,1,10/10/2023,convallis,Online
Westbrook,Iveans,,Pixonyx,11/9/2023,1:34 AM,,148-989-6134,13,11/1/2023,non,Online
Arnuad,Gisburne,agisburnerp@godaddy.com,Tagopia,8/28/2023,2:29 AM,,920-155-9816,5,11/27/2023,in,Online
Giulietta,De Bruin,,Dynabox,12/22/2023,9:34 AM,ac est lacinia nisi venenatis tristique fusce congue diam id ornare imperdiet sapien urna pretium nisl,350-782-8923,6,10/12/2023,odio,Online
Aldwin,Poley,apoleyrr@about.com,Lazz,8/12/2023,4:20 PM,,996-689-5714,19,10/15/2023,dui,Online
